2026-08-14 20:54:12,114 [INFO] [MainThread] [root/log.py:104]: YASB v2.0.6
2026-08-14 20:54:12,117 [INFO] [CLIPipeServer] [cli_server/cli_server.py:216]: CLI server started v1.1.7
2026-08-14 20:54:12,118 [INFO] [MainThread] [cli_server/cli_server.py:106]: Log pipe server started
2026-08-14 20:57:52,716 [INFO] [MainThread] [root/log.py:104]: YASB v2.0.6
2026-08-14 20:57:52,717 [INFO] [CLIPipeServer] [cli_server/cli_server.py:216]: CLI server started v1.1.7
2026-08-14 20:57:52,717 [INFO] [MainThread] [cli_server/cli_server.py:106]: Log pipe server started
2026-08-14 20:59:25,133 [INFO] [MainThread] [root/log.py:104]: YASB v2.0.6
2026-08-14 20:59:25,133 [INFO] [CLIPipeServer] [cli_server/cli_server.py:216]: CLI server started v1.1.7
2026-08-14 20:59:25,134 [INFO] [MainThread] [cli_server/cli_server.py:106]: Log pipe server started
2026-08-14 20:59:25,178 [WARNING] [MainThread] [deprecation/deprecation.py:146]: [DEPRECATED] BarAlignment: 'center' - Use 'align' instead.
2026-08-14 20:59:25,178 [WARNING] [MainThread] [deprecation/deprecation.py:146]: [DEPRECATED] BarBlurEffect: 'acrylic' - No longer supported and can be removed from the config.
2026-08-14 20:59:25,230 [WARNING] [MainThread] [deprecation/deprecation.py:146]: [DEPRECATED] HomeConfig: 'distance' - Use 'offset_top' instead.
2026-08-14 20:59:25,230 [WARNING] [MainThread] [deprecation/deprecation.py:146]: [DEPRECATED] HomeConfig: 'container_padding' - Use CSS padding instead.
2026-08-14 20:59:25,381 [WARNING] [MainThread] [deprecation/deprecation.py:146]: [DEPRECATED] KomorebiWorkspacesConfig: 'animation' - Use CSS animations instead.
2026-08-14 20:59:25,939 [WARNING] [MainThread] [deprecation/deprecation.py:146]: [DEPRECATED] CavaConfig: 'container_padding' - Use CSS padding instead.
2026-08-14 20:59:26,304 [WARNING] [MainThread] [deprecation/deprecation.py:150]: [DEPRECATED] VolumeConfig: 'volume_icons' renamed to 'icons' - Use 'icons' with the dictionary format instead.
2026-08-14 20:59:26,317 [INFO] [MainThread] [root/service.py:52]: AudioOutputService starting...
2026-08-14 20:59:26,388 [WARNING] [MainThread] [deprecation/deprecation.py:146]: [DEPRECATED] GroupLabelConfig: 'distance' - Use 'offset_top' instead.
2026-08-14 20:59:26,417 [WARNING] [MainThread] [deprecation/deprecation.py:146]: [DEPRECATED] GalleryConfig: 'lazy_load_delay' - No longer supported and can be removed from the config.
2026-08-14 20:59:26,417 [WARNING] [MainThread] [deprecation/deprecation.py:146]: [DEPRECATED] GalleryConfig: 'enable_cache' - No longer supported and can be removed from the config.
2026-08-14 20:59:26,919 [INFO] [MainThread] [root/bar_manager.py:103]: Starting KomorebiEventListener...
2026-08-14 20:59:26,919 [INFO] [MainThread] [root/bar_manager.py:103]: Starting SystemEventListener...
2026-08-14 20:59:26,920 [INFO] [MainThread] [root/watcher.py:65]: Watching directory: c:\users\lowie\.config\yasb
2026-08-14 20:59:26,920 [INFO] [MainThread] [root/watcher.py:104]: Created file watcher
2026-08-14 20:59:27,048 [INFO] [Dummy-8] [root/event_listener.py:54]: Created named pipe yasb-45918aa4-9812-11f1-b3c3-9c67d6e32e56
2026-08-14 20:59:27,211 [WARNING] [Dummy-8] [root/event_listener.py:136]: Komorebi failed to subscribe named pipe. 'komorebic.exe' is not recognized as an internal or external command, operable program or batch file.
2026-08-14 21:03:08,285 [ERROR] [MainThread] [root/config.py:113]: The file 'C:\Users\lowie\.config\yasb\config.yaml' contains Parser Error(s). Please fix:
while parsing a flow sequence
  in "C:\Users\lowie\.config\yasb\config.yaml", line 44, column 9
expected ',' or ']', but got '<scalar>'
  in "C:\Users\lowie\.config\yasb\config.yaml", line 50, column 11
2026-08-14 21:03:11,587 [WARNING] [MainThread] [deprecation/deprecation.py:146]: [DEPRECATED] BarAlignment: 'center' - Use 'align' instead.
2026-08-14 21:03:11,587 [WARNING] [MainThread] [deprecation/deprecation.py:146]: [DEPRECATED] BarBlurEffect: 'acrylic' - No longer supported and can be removed from the config.
2026-08-14 21:03:11,588 [INFO] [MainThread] [root/controller.py:21]: Reloading Application because of config change.
2026-08-14 21:03:11,701 [INFO] [MainThread] [cli_server/cli_server.py:114]: Log pipe server stopped
2026-08-14 21:03:11,720 [INFO] [MainThread] [root/bar_manager.py:93]: Successfully loaded updated config and re-initialised all bars.
2026-08-14 21:03:12,154 [INFO] [MainThread] [root/bar_manager.py:119]: Stopping KomorebiEventListener...
2026-08-14 21:03:12,162 [INFO] [MainThread] [root/bar_manager.py:119]: Stopping SystemEventListener...
2026-08-14 21:03:12,336 [INFO] [MainThread] [root/log.py:104]: YASB v2.0.6
2026-08-14 21:03:12,337 [INFO] [CLIPipeServer] [cli_server/cli_server.py:216]: CLI server started v1.1.7
2026-08-14 21:03:12,337 [INFO] [MainThread] [cli_server/cli_server.py:106]: Log pipe server started
2026-08-14 21:03:12,337 [INFO] [MainThread] [root/main.py:48]: Waiting for previous YASB instance to exit...
2026-08-14 21:03:12,588 [INFO] [MainThread] [root/main.py:74]: Previous instance exited, continuing startup.
2026-08-14 21:03:12,645 [WARNING] [MainThread] [deprecation/deprecation.py:146]: [DEPRECATED] BarAlignment: 'center' - Use 'align' instead.
2026-08-14 21:03:12,646 [WARNING] [MainThread] [deprecation/deprecation.py:146]: [DEPRECATED] BarBlurEffect: 'acrylic' - No longer supported and can be removed from the config.
2026-08-14 21:03:12,668 [WARNING] [MainThread] [deprecation/deprecation.py:146]: [DEPRECATED] HomeConfig: 'distance' - Use 'offset_top' instead.
2026-08-14 21:03:12,668 [WARNING] [MainThread] [deprecation/deprecation.py:146]: [DEPRECATED] HomeConfig: 'container_padding' - Use CSS padding instead.
2026-08-14 21:03:12,705 [WARNING] [MainThread] [deprecation/deprecation.py:146]: [DEPRECATED] KomorebiWorkspacesConfig: 'animation' - Use CSS animations instead.
2026-08-14 21:03:13,541 [WARNING] [MainThread] [deprecation/deprecation.py:146]: [DEPRECATED] CavaConfig: 'container_padding' - Use CSS padding instead.
2026-08-14 21:03:13,675 [WARNING] [MainThread] [deprecation/deprecation.py:150]: [DEPRECATED] VolumeConfig: 'volume_icons' renamed to 'icons' - Use 'icons' with the dictionary format instead.
2026-08-14 21:03:13,687 [INFO] [MainThread] [root/service.py:52]: AudioOutputService starting...
2026-08-14 21:03:13,745 [WARNING] [MainThread] [deprecation/deprecation.py:146]: [DEPRECATED] GroupLabelConfig: 'distance' - Use 'offset_top' instead.
2026-08-14 21:03:13,746 [WARNING] [MainThread] [root/widget_builder.py:39]: No widget config could be found for widget 'cpu
2026-08-14 21:03:13,774 [WARNING] [MainThread] [deprecation/deprecation.py:146]: [DEPRECATED] GalleryConfig: 'lazy_load_delay' - No longer supported and can be removed from the config.
2026-08-14 21:03:13,774 [WARNING] [MainThread] [deprecation/deprecation.py:146]: [DEPRECATED] GalleryConfig: 'enable_cache' - No longer supported and can be removed from the config.
2026-08-14 21:03:13,991 [WARNING] [MainThread] [root/widget_builder.py:36]: Ignoring construction of invalid widget 'cpu'
2026-08-14 21:03:14,193 [INFO] [MainThread] [root/bar_manager.py:103]: Starting KomorebiEventListener...
2026-08-14 21:03:14,194 [INFO] [MainThread] [root/bar_manager.py:103]: Starting SystemEventListener...
2026-08-14 21:03:14,194 [ERROR] [MainThread] [root/widget_builder.py:100]: Failed to add undefined widget(s)  - The widget "cpu" is undefined.
2026-08-14 21:03:14,234 [INFO] [Dummy-6] [root/event_listener.py:54]: Created named pipe yasb-cd08dc08-9812-11f1-afa0-9c67d6e32e56
2026-08-14 21:03:14,255 [INFO] [MainThread] [root/watcher.py:65]: Watching directory: c:\users\lowie\.config\yasb
2026-08-14 21:03:14,255 [INFO] [MainThread] [root/watcher.py:104]: Created file watcher
2026-08-14 21:03:14,404 [WARNING] [Dummy-6] [root/event_listener.py:136]: Komorebi failed to subscribe named pipe. 'komorebic.exe' is not recognized as an internal or external command, operable program or batch file.
2026-08-14 21:03:39,705 [WARNING] [MainThread] [deprecation/deprecation.py:146]: [DEPRECATED] BarAlignment: 'center' - Use 'align' instead.
2026-08-14 21:03:39,705 [WARNING] [MainThread] [deprecation/deprecation.py:146]: [DEPRECATED] BarBlurEffect: 'acrylic' - No longer supported and can be removed from the config.
2026-08-14 21:03:39,706 [INFO] [MainThread] [root/controller.py:21]: Reloading Application because of config change.
2026-08-14 21:03:39,820 [INFO] [MainThread] [cli_server/cli_server.py:114]: Log pipe server stopped
2026-08-14 21:03:39,840 [INFO] [MainThread] [root/bar_manager.py:93]: Successfully loaded updated config and re-initialised all bars.
2026-08-14 21:03:40,248 [INFO] [MainThread] [root/bar_manager.py:119]: Stopping KomorebiEventListener...
2026-08-14 21:03:40,314 [INFO] [MainThread] [root/bar_manager.py:119]: Stopping SystemEventListener...
2026-08-14 21:03:40,466 [INFO] [MainThread] [root/log.py:104]: YASB v2.0.6
2026-08-14 21:03:40,466 [INFO] [CLIPipeServer] [cli_server/cli_server.py:216]: CLI server started v1.1.7
2026-08-14 21:03:40,467 [INFO] [MainThread] [cli_server/cli_server.py:106]: Log pipe server started
2026-08-14 21:03:40,517 [WARNING] [MainThread] [deprecation/deprecation.py:146]: [DEPRECATED] BarAlignment: 'center' - Use 'align' instead.
2026-08-14 21:03:40,517 [WARNING] [MainThread] [deprecation/deprecation.py:146]: [DEPRECATED] BarBlurEffect: 'acrylic' - No longer supported and can be removed from the config.
2026-08-14 21:03:40,540 [WARNING] [MainThread] [deprecation/deprecation.py:146]: [DEPRECATED] HomeConfig: 'distance' - Use 'offset_top' instead.
2026-08-14 21:03:40,540 [WARNING] [MainThread] [deprecation/deprecation.py:146]: [DEPRECATED] HomeConfig: 'container_padding' - Use CSS padding instead.
2026-08-14 21:03:40,579 [WARNING] [MainThread] [deprecation/deprecation.py:146]: [DEPRECATED] KomorebiWorkspacesConfig: 'animation' - Use CSS animations instead.
2026-08-14 21:03:41,297 [WARNING] [MainThread] [deprecation/deprecation.py:146]: [DEPRECATED] CavaConfig: 'container_padding' - Use CSS padding instead.
2026-08-14 21:03:41,433 [WARNING] [MainThread] [deprecation/deprecation.py:150]: [DEPRECATED] VolumeConfig: 'volume_icons' renamed to 'icons' - Use 'icons' with the dictionary format instead.
2026-08-14 21:03:41,445 [INFO] [MainThread] [root/service.py:52]: AudioOutputService starting...
2026-08-14 21:03:41,501 [WARNING] [MainThread] [deprecation/deprecation.py:146]: [DEPRECATED] GroupLabelConfig: 'distance' - Use 'offset_top' instead.
2026-08-14 21:03:41,531 [WARNING] [MainThread] [deprecation/deprecation.py:146]: [DEPRECATED] GalleryConfig: 'lazy_load_delay' - No longer supported and can be removed from the config.
2026-08-14 21:03:41,531 [WARNING] [MainThread] [deprecation/deprecation.py:146]: [DEPRECATED] GalleryConfig: 'enable_cache' - No longer supported and can be removed from the config.
2026-08-14 21:03:42,012 [INFO] [MainThread] [root/bar_manager.py:103]: Starting SystemEventListener...
2026-08-14 21:03:42,012 [INFO] [MainThread] [root/bar_manager.py:103]: Starting KomorebiEventListener...
2026-08-14 21:03:42,013 [INFO] [MainThread] [root/watcher.py:65]: Watching directory: c:\users\lowie\.config\yasb
2026-08-14 21:03:42,014 [INFO] [MainThread] [root/watcher.py:104]: Created file watcher
2026-08-14 21:03:42,105 [INFO] [Dummy-8] [root/event_listener.py:54]: Created named pipe yasb-dd9db6ec-9812-11f1-a170-9c67d6e32e56
2026-08-14 21:03:42,254 [WARNING] [Dummy-8] [root/event_listener.py:136]: Komorebi failed to subscribe named pipe. 'komorebic.exe' is not recognized as an internal or external command, operable program or batch file.
2026-08-14 21:03:57,870 [WARNING] [MainThread] [deprecation/deprecation.py:146]: [DEPRECATED] BarAlignment: 'center' - Use 'align' instead.
2026-08-14 21:03:57,871 [WARNING] [MainThread] [deprecation/deprecation.py:146]: [DEPRECATED] BarBlurEffect: 'acrylic' - No longer supported and can be removed from the config.
2026-08-14 21:03:57,871 [INFO] [MainThread] [root/controller.py:21]: Reloading Application because of config change.
2026-08-14 21:03:57,986 [INFO] [MainThread] [cli_server/cli_server.py:114]: Log pipe server stopped
2026-08-14 21:03:57,997 [INFO] [MainThread] [root/bar_manager.py:93]: Successfully loaded updated config and re-initialised all bars.
2026-08-14 21:03:58,384 [INFO] [MainThread] [root/bar_manager.py:119]: Stopping SystemEventListener...
2026-08-14 21:03:58,419 [INFO] [MainThread] [root/bar_manager.py:119]: Stopping KomorebiEventListener...
2026-08-14 21:03:58,630 [INFO] [MainThread] [root/log.py:104]: YASB v2.0.6
2026-08-14 21:03:58,631 [INFO] [CLIPipeServer] [cli_server/cli_server.py:216]: CLI server started v1.1.7
2026-08-14 21:03:58,631 [INFO] [MainThread] [cli_server/cli_server.py:106]: Log pipe server started
2026-08-14 21:03:58,677 [WARNING] [MainThread] [deprecation/deprecation.py:146]: [DEPRECATED] BarAlignment: 'center' - Use 'align' instead.
2026-08-14 21:03:58,677 [WARNING] [MainThread] [deprecation/deprecation.py:146]: [DEPRECATED] BarBlurEffect: 'acrylic' - No longer supported and can be removed from the config.
2026-08-14 21:03:58,700 [WARNING] [MainThread] [deprecation/deprecation.py:146]: [DEPRECATED] HomeConfig: 'distance' - Use 'offset_top' instead.
2026-08-14 21:03:58,700 [WARNING] [MainThread] [deprecation/deprecation.py:146]: [DEPRECATED] HomeConfig: 'container_padding' - Use CSS padding instead.
2026-08-14 21:03:58,740 [WARNING] [MainThread] [deprecation/deprecation.py:146]: [DEPRECATED] KomorebiWorkspacesConfig: 'animation' - Use CSS animations instead.
2026-08-14 21:03:59,460 [WARNING] [MainThread] [deprecation/deprecation.py:146]: [DEPRECATED] CavaConfig: 'container_padding' - Use CSS padding instead.
2026-08-14 21:03:59,586 [WARNING] [MainThread] [deprecation/deprecation.py:150]: [DEPRECATED] VolumeConfig: 'volume_icons' renamed to 'icons' - Use 'icons' with the dictionary format instead.
2026-08-14 21:03:59,598 [INFO] [MainThread] [root/service.py:52]: AudioOutputService starting...
2026-08-14 21:03:59,659 [WARNING] [MainThread] [deprecation/deprecation.py:146]: [DEPRECATED] GroupLabelConfig: 'distance' - Use 'offset_top' instead.
2026-08-14 21:04:00,063 [INFO] [MainThread] [root/bar_manager.py:103]: Starting SystemEventListener...
2026-08-14 21:04:00,064 [INFO] [MainThread] [root/bar_manager.py:103]: Starting KomorebiEventListener...
2026-08-14 21:04:00,065 [INFO] [MainThread] [root/watcher.py:65]: Watching directory: c:\users\lowie\.config\yasb
2026-08-14 21:04:00,065 [INFO] [MainThread] [root/watcher.py:104]: Created file watcher
2026-08-14 21:04:00,162 [INFO] [Dummy-8] [root/event_listener.py:54]: Created named pipe yasb-e8602349-9812-11f1-b60f-9c67d6e32e56
2026-08-14 21:04:00,323 [WARNING] [Dummy-8] [root/event_listener.py:136]: Komorebi failed to subscribe named pipe. 'komorebic.exe' is not recognized as an internal or external command, operable program or batch file.
2026-08-14 21:06:19,654 [WARNING] [MainThread] [deprecation/deprecation.py:146]: [DEPRECATED] BarAlignment: 'center' - Use 'align' instead.
2026-08-14 21:06:19,655 [WARNING] [MainThread] [deprecation/deprecation.py:146]: [DEPRECATED] BarBlurEffect: 'acrylic' - No longer supported and can be removed from the config.
2026-08-14 21:06:19,655 [INFO] [MainThread] [root/controller.py:21]: Reloading Application because of config change.
2026-08-14 21:06:19,758 [INFO] [MainThread] [cli_server/cli_server.py:114]: Log pipe server stopped
2026-08-14 21:06:19,775 [INFO] [MainThread] [root/bar_manager.py:93]: Successfully loaded updated config and re-initialised all bars.
2026-08-14 21:06:20,226 [INFO] [MainThread] [root/bar_manager.py:119]: Stopping SystemEventListener...
2026-08-14 21:06:20,265 [INFO] [MainThread] [root/bar_manager.py:119]: Stopping KomorebiEventListener...
2026-08-14 21:06:20,445 [INFO] [MainThread] [root/log.py:104]: YASB v2.0.6
2026-08-14 21:06:20,446 [INFO] [CLIPipeServer] [cli_server/cli_server.py:216]: CLI server started v1.1.7
2026-08-14 21:06:20,446 [INFO] [MainThread] [cli_server/cli_server.py:106]: Log pipe server started
2026-08-14 21:06:20,509 [WARNING] [MainThread] [deprecation/deprecation.py:146]: [DEPRECATED] BarAlignment: 'center' - Use 'align' instead.
2026-08-14 21:06:20,510 [WARNING] [MainThread] [deprecation/deprecation.py:146]: [DEPRECATED] BarBlurEffect: 'acrylic' - No longer supported and can be removed from the config.
2026-08-14 21:06:20,533 [WARNING] [MainThread] [deprecation/deprecation.py:146]: [DEPRECATED] HomeConfig: 'distance' - Use 'offset_top' instead.
2026-08-14 21:06:20,534 [WARNING] [MainThread] [deprecation/deprecation.py:146]: [DEPRECATED] HomeConfig: 'container_padding' - Use CSS padding instead.
2026-08-14 21:06:20,577 [WARNING] [MainThread] [deprecation/deprecation.py:146]: [DEPRECATED] KomorebiWorkspacesConfig: 'animation' - Use CSS animations instead.
2026-08-14 21:06:21,326 [WARNING] [MainThread] [deprecation/deprecation.py:146]: [DEPRECATED] CavaConfig: 'container_padding' - Use CSS padding instead.
2026-08-14 21:06:21,474 [WARNING] [MainThread] [deprecation/deprecation.py:150]: [DEPRECATED] VolumeConfig: 'volume_icons' renamed to 'icons' - Use 'icons' with the dictionary format instead.
2026-08-14 21:06:21,492 [INFO] [MainThread] [root/service.py:52]: AudioOutputService starting...
2026-08-14 21:06:21,539 [WARNING] [MainThread] [root/widget_builder.py:39]: No widget config could be found for widget 'cpu_temp
2026-08-14 21:06:21,539 [WARNING] [MainThread] [root/widget_builder.py:39]: No widget config could be found for widget 'gpu_temp
2026-08-14 21:06:21,545 [WARNING] [MainThread] [deprecation/deprecation.py:146]: [DEPRECATED] GroupLabelConfig: 'distance' - Use 'offset_top' instead.
2026-08-14 21:06:21,801 [WARNING] [MainThread] [root/widget_builder.py:36]: Ignoring construction of invalid widget 'cpu_temp'
2026-08-14 21:06:21,802 [WARNING] [MainThread] [root/widget_builder.py:36]: Ignoring construction of invalid widget 'gpu_temp'
2026-08-14 21:06:22,074 [INFO] [MainThread] [root/bar_manager.py:103]: Starting KomorebiEventListener...
2026-08-14 21:06:22,074 [INFO] [MainThread] [root/bar_manager.py:103]: Starting SystemEventListener...
2026-08-14 21:06:22,075 [ERROR] [MainThread] [root/widget_builder.py:100]: Failed to add undefined widget(s)  - The widget "cpu_temp" is undefined.
 - The widget "gpu_temp" is undefined.
2026-08-14 21:06:22,127 [INFO] [Dummy-6] [root/event_listener.py:54]: Created named pipe yasb-3d053113-9813-11f1-9d77-9c67d6e32e56
2026-08-14 21:06:22,152 [INFO] [MainThread] [root/watcher.py:65]: Watching directory: c:\users\lowie\.config\yasb
2026-08-14 21:06:22,152 [INFO] [MainThread] [root/watcher.py:104]: Created file watcher
2026-08-14 21:06:22,348 [WARNING] [Dummy-6] [root/event_listener.py:136]: Komorebi failed to subscribe named pipe. 'komorebic.exe' is not recognized as an internal or external command, operable program or batch file.
2026-08-14 21:06:30,798 [WARNING] [MainThread] [deprecation/deprecation.py:146]: [DEPRECATED] BarAlignment: 'center' - Use 'align' instead.
2026-08-14 21:06:30,798 [WARNING] [MainThread] [deprecation/deprecation.py:146]: [DEPRECATED] BarBlurEffect: 'acrylic' - No longer supported and can be removed from the config.
2026-08-14 21:06:30,799 [INFO] [MainThread] [root/controller.py:21]: Reloading Application because of config change.
2026-08-14 21:06:30,912 [INFO] [MainThread] [cli_server/cli_server.py:114]: Log pipe server stopped
2026-08-14 21:06:30,926 [INFO] [MainThread] [root/bar_manager.py:93]: Successfully loaded updated config and re-initialised all bars.
2026-08-14 21:06:31,438 [INFO] [MainThread] [root/bar_manager.py:119]: Stopping KomorebiEventListener...
2026-08-14 21:06:31,454 [INFO] [MainThread] [root/bar_manager.py:119]: Stopping SystemEventListener...
2026-08-14 21:06:31,600 [INFO] [MainThread] [root/log.py:104]: YASB v2.0.6
2026-08-14 21:06:31,600 [INFO] [CLIPipeServer] [cli_server/cli_server.py:216]: CLI server started v1.1.7
2026-08-14 21:06:31,601 [INFO] [MainThread] [cli_server/cli_server.py:106]: Log pipe server started
2026-08-14 21:06:31,601 [INFO] [MainThread] [root/main.py:48]: Waiting for previous YASB instance to exit...
2026-08-14 21:06:31,851 [INFO] [MainThread] [root/main.py:74]: Previous instance exited, continuing startup.
2026-08-14 21:06:31,909 [WARNING] [MainThread] [deprecation/deprecation.py:146]: [DEPRECATED] BarAlignment: 'center' - Use 'align' instead.
2026-08-14 21:06:31,909 [WARNING] [MainThread] [deprecation/deprecation.py:146]: [DEPRECATED] BarBlurEffect: 'acrylic' - No longer supported and can be removed from the config.
2026-08-14 21:06:31,932 [WARNING] [MainThread] [deprecation/deprecation.py:146]: [DEPRECATED] HomeConfig: 'distance' - Use 'offset_top' instead.
2026-08-14 21:06:31,933 [WARNING] [MainThread] [deprecation/deprecation.py:146]: [DEPRECATED] HomeConfig: 'container_padding' - Use CSS padding instead.
2026-08-14 21:06:31,976 [WARNING] [MainThread] [deprecation/deprecation.py:146]: [DEPRECATED] KomorebiWorkspacesConfig: 'animation' - Use CSS animations instead.
2026-08-14 21:06:32,708 [WARNING] [MainThread] [deprecation/deprecation.py:146]: [DEPRECATED] CavaConfig: 'container_padding' - Use CSS padding instead.
2026-08-14 21:06:32,846 [WARNING] [MainThread] [deprecation/deprecation.py:150]: [DEPRECATED] VolumeConfig: 'volume_icons' renamed to 'icons' - Use 'icons' with the dictionary format instead.
2026-08-14 21:06:32,859 [INFO] [MainThread] [root/service.py:52]: AudioOutputService starting...
2026-08-14 21:06:32,934 [WARNING] [MainThread] [deprecation/deprecation.py:146]: [DEPRECATED] GroupLabelConfig: 'distance' - Use 'offset_top' instead.
2026-08-14 21:06:33,455 [INFO] [MainThread] [root/bar_manager.py:103]: Starting SystemEventListener...
2026-08-14 21:06:33,456 [INFO] [MainThread] [root/bar_manager.py:103]: Starting KomorebiEventListener...
2026-08-14 21:06:33,457 [INFO] [MainThread] [root/watcher.py:65]: Watching directory: c:\users\lowie\.config\yasb
2026-08-14 21:06:33,457 [INFO] [MainThread] [root/watcher.py:104]: Created file watcher
2026-08-14 21:06:33,623 [INFO] [Dummy-10] [root/event_listener.py:54]: Created named pipe yasb-43cdeec5-9813-11f1-abc6-9c67d6e32e56
2026-08-14 21:06:33,814 [WARNING] [Dummy-10] [root/event_listener.py:136]: Komorebi failed to subscribe named pipe. 'komorebic.exe' is not recognized as an internal or external command, operable program or batch file.
2026-08-14 21:08:00,601 [WARNING] [MainThread] [deprecation/deprecation.py:146]: [DEPRECATED] BarAlignment: 'center' - Use 'align' instead.
2026-08-14 21:08:00,601 [WARNING] [MainThread] [deprecation/deprecation.py:146]: [DEPRECATED] BarBlurEffect: 'acrylic' - No longer supported and can be removed from the config.
2026-08-14 21:08:00,602 [INFO] [MainThread] [root/controller.py:21]: Reloading Application because of config change.
2026-08-14 21:08:00,715 [INFO] [MainThread] [cli_server/cli_server.py:114]: Log pipe server stopped
2026-08-14 21:08:00,734 [INFO] [MainThread] [root/bar_manager.py:93]: Successfully loaded updated config and re-initialised all bars.
2026-08-14 21:08:01,186 [INFO] [MainThread] [root/bar_manager.py:119]: Stopping SystemEventListener...
2026-08-14 21:08:01,239 [INFO] [MainThread] [root/bar_manager.py:119]: Stopping KomorebiEventListener...
2026-08-14 21:08:01,413 [INFO] [MainThread] [root/log.py:104]: YASB v2.0.6
2026-08-14 21:08:01,413 [INFO] [CLIPipeServer] [cli_server/cli_server.py:216]: CLI server started v1.1.7
2026-08-14 21:08:01,414 [INFO] [MainThread] [cli_server/cli_server.py:106]: Log pipe server started
2026-08-14 21:08:01,486 [WARNING] [MainThread] [deprecation/deprecation.py:146]: [DEPRECATED] BarAlignment: 'center' - Use 'align' instead.
2026-08-14 21:08:01,486 [WARNING] [MainThread] [deprecation/deprecation.py:146]: [DEPRECATED] BarBlurEffect: 'acrylic' - No longer supported and can be removed from the config.
2026-08-14 21:08:01,518 [WARNING] [MainThread] [deprecation/deprecation.py:146]: [DEPRECATED] HomeConfig: 'distance' - Use 'offset_top' instead.
2026-08-14 21:08:01,518 [WARNING] [MainThread] [deprecation/deprecation.py:146]: [DEPRECATED] HomeConfig: 'container_padding' - Use CSS padding instead.
2026-08-14 21:08:01,559 [WARNING] [MainThread] [deprecation/deprecation.py:146]: [DEPRECATED] KomorebiWorkspacesConfig: 'animation' - Use CSS animations instead.
2026-08-14 21:08:02,280 [WARNING] [MainThread] [deprecation/deprecation.py:146]: [DEPRECATED] CavaConfig: 'container_padding' - Use CSS padding instead.
2026-08-14 21:08:02,415 [WARNING] [MainThread] [deprecation/deprecation.py:150]: [DEPRECATED] VolumeConfig: 'volume_icons' renamed to 'icons' - Use 'icons' with the dictionary format instead.
2026-08-14 21:08:02,427 [INFO] [MainThread] [root/service.py:52]: AudioOutputService starting...
2026-08-14 21:08:02,507 [WARNING] [MainThread] [deprecation/deprecation.py:146]: [DEPRECATED] GroupLabelConfig: 'distance' - Use 'offset_top' instead.
2026-08-14 21:08:03,008 [INFO] [MainThread] [root/bar_manager.py:103]: Starting KomorebiEventListener...
2026-08-14 21:08:03,008 [INFO] [MainThread] [root/bar_manager.py:103]: Starting SystemEventListener...
2026-08-14 21:08:03,009 [INFO] [MainThread] [root/watcher.py:65]: Watching directory: c:\users\lowie\.config\yasb
2026-08-14 21:08:03,009 [INFO] [MainThread] [root/watcher.py:104]: Created file watcher
2026-08-14 21:08:03,155 [INFO] [Dummy-10] [root/event_listener.py:54]: Created named pipe yasb-792e73d0-9813-11f1-af07-9c67d6e32e56
2026-08-14 21:08:03,317 [WARNING] [Dummy-10] [root/event_listener.py:136]: Komorebi failed to subscribe named pipe. 'komorebic.exe' is not recognized as an internal or external command, operable program or batch file.
2026-08-14 21:08:07,908 [WARNING] [MainThread] [deprecation/deprecation.py:146]: [DEPRECATED] BarAlignment: 'center' - Use 'align' instead.
2026-08-14 21:08:07,908 [WARNING] [MainThread] [deprecation/deprecation.py:146]: [DEPRECATED] BarBlurEffect: 'acrylic' - No longer supported and can be removed from the config.
2026-08-14 21:08:07,909 [INFO] [MainThread] [root/controller.py:21]: Reloading Application because of config change.
2026-08-14 21:08:08,018 [INFO] [MainThread] [cli_server/cli_server.py:114]: Log pipe server stopped
2026-08-14 21:08:08,037 [INFO] [MainThread] [root/bar_manager.py:93]: Successfully loaded updated config and re-initialised all bars.
2026-08-14 21:08:08,490 [INFO] [MainThread] [root/bar_manager.py:119]: Stopping KomorebiEventListener...
2026-08-14 21:08:08,690 [INFO] [MainThread] [root/bar_manager.py:119]: Stopping SystemEventListener...
2026-08-14 21:08:08,719 [INFO] [MainThread] [root/log.py:104]: YASB v2.0.6
2026-08-14 21:08:08,720 [INFO] [CLIPipeServer] [cli_server/cli_server.py:216]: CLI server started v1.1.7
2026-08-14 21:08:08,720 [INFO] [MainThread] [cli_server/cli_server.py:106]: Log pipe server started
2026-08-14 21:08:08,721 [INFO] [MainThread] [root/main.py:48]: Waiting for previous YASB instance to exit...
2026-08-14 21:08:08,971 [INFO] [MainThread] [root/main.py:74]: Previous instance exited, continuing startup.
2026-08-14 21:08:09,021 [WARNING] [MainThread] [deprecation/deprecation.py:146]: [DEPRECATED] BarAlignment: 'center' - Use 'align' instead.
2026-08-14 21:08:09,021 [WARNING] [MainThread] [deprecation/deprecation.py:146]: [DEPRECATED] BarBlurEffect: 'acrylic' - No longer supported and can be removed from the config.
2026-08-14 21:08:09,044 [WARNING] [MainThread] [deprecation/deprecation.py:146]: [DEPRECATED] HomeConfig: 'distance' - Use 'offset_top' instead.
2026-08-14 21:08:09,044 [WARNING] [MainThread] [deprecation/deprecation.py:146]: [DEPRECATED] HomeConfig: 'container_padding' - Use CSS padding instead.
2026-08-14 21:08:09,084 [WARNING] [MainThread] [deprecation/deprecation.py:146]: [DEPRECATED] KomorebiWorkspacesConfig: 'animation' - Use CSS animations instead.
2026-08-14 21:08:09,852 [WARNING] [MainThread] [deprecation/deprecation.py:146]: [DEPRECATED] CavaConfig: 'container_padding' - Use CSS padding instead.
2026-08-14 21:08:09,984 [WARNING] [MainThread] [deprecation/deprecation.py:150]: [DEPRECATED] VolumeConfig: 'volume_icons' renamed to 'icons' - Use 'icons' with the dictionary format instead.
2026-08-14 21:08:09,996 [INFO] [MainThread] [root/service.py:52]: AudioOutputService starting...
2026-08-14 21:08:10,067 [WARNING] [MainThread] [deprecation/deprecation.py:146]: [DEPRECATED] GroupLabelConfig: 'distance' - Use 'offset_top' instead.
2026-08-14 21:08:10,536 [INFO] [MainThread] [root/bar_manager.py:103]: Starting SystemEventListener...
2026-08-14 21:08:10,537 [INFO] [MainThread] [root/bar_manager.py:103]: Starting KomorebiEventListener...
2026-08-14 21:08:10,538 [INFO] [MainThread] [root/watcher.py:65]: Watching directory: c:\users\lowie\.config\yasb
2026-08-14 21:08:10,538 [INFO] [MainThread] [root/watcher.py:104]: Created file watcher
2026-08-14 21:08:10,670 [INFO] [Dummy-8] [root/event_listener.py:54]: Created named pipe yasb-7dab49d8-9813-11f1-900d-9c67d6e32e56
2026-08-14 21:08:10,839 [WARNING] [Dummy-8] [root/event_listener.py:136]: Komorebi failed to subscribe named pipe. 'komorebic.exe' is not recognized as an internal or external command, operable program or batch file.
2026-08-14 21:08:13,708 [WARNING] [MainThread] [deprecation/deprecation.py:146]: [DEPRECATED] BarAlignment: 'center' - Use 'align' instead.
2026-08-14 21:08:13,708 [WARNING] [MainThread] [deprecation/deprecation.py:146]: [DEPRECATED] BarBlurEffect: 'acrylic' - No longer supported and can be removed from the config.
2026-08-14 21:08:13,709 [INFO] [MainThread] [root/controller.py:21]: Reloading Application because of config change.
2026-08-14 21:08:13,810 [INFO] [MainThread] [cli_server/cli_server.py:114]: Log pipe server stopped
2026-08-14 21:08:13,824 [INFO] [MainThread] [root/bar_manager.py:93]: Successfully loaded updated config and re-initialised all bars.
2026-08-14 21:08:14,225 [INFO] [MainThread] [root/bar_manager.py:119]: Stopping SystemEventListener...
2026-08-14 21:08:14,274 [INFO] [MainThread] [root/bar_manager.py:119]: Stopping KomorebiEventListener...
2026-08-14 21:08:14,466 [INFO] [MainThread] [root/log.py:104]: YASB v2.0.6
2026-08-14 21:08:14,466 [INFO] [CLIPipeServer] [cli_server/cli_server.py:216]: CLI server started v1.1.7
2026-08-14 21:08:14,467 [INFO] [MainThread] [cli_server/cli_server.py:106]: Log pipe server started
2026-08-14 21:08:14,533 [WARNING] [MainThread] [deprecation/deprecation.py:146]: [DEPRECATED] BarAlignment: 'center' - Use 'align' instead.
2026-08-14 21:08:14,533 [WARNING] [MainThread] [deprecation/deprecation.py:146]: [DEPRECATED] BarBlurEffect: 'acrylic' - No longer supported and can be removed from the config.
2026-08-14 21:08:14,557 [WARNING] [MainThread] [deprecation/deprecation.py:146]: [DEPRECATED] HomeConfig: 'distance' - Use 'offset_top' instead.
2026-08-14 21:08:14,557 [WARNING] [MainThread] [deprecation/deprecation.py:146]: [DEPRECATED] HomeConfig: 'container_padding' - Use CSS padding instead.
2026-08-14 21:08:14,603 [WARNING] [MainThread] [deprecation/deprecation.py:146]: [DEPRECATED] KomorebiWorkspacesConfig: 'animation' - Use CSS animations instead.
2026-08-14 21:08:15,342 [WARNING] [MainThread] [deprecation/deprecation.py:146]: [DEPRECATED] CavaConfig: 'container_padding' - Use CSS padding instead.
2026-08-14 21:08:15,476 [WARNING] [MainThread] [deprecation/deprecation.py:150]: [DEPRECATED] VolumeConfig: 'volume_icons' renamed to 'icons' - Use 'icons' with the dictionary format instead.
2026-08-14 21:08:15,489 [INFO] [MainThread] [root/service.py:52]: AudioOutputService starting...
2026-08-14 21:08:15,559 [WARNING] [MainThread] [deprecation/deprecation.py:146]: [DEPRECATED] GroupLabelConfig: 'distance' - Use 'offset_top' instead.
2026-08-14 21:08:16,056 [INFO] [MainThread] [root/bar_manager.py:103]: Starting SystemEventListener...
2026-08-14 21:08:16,057 [INFO] [MainThread] [root/bar_manager.py:103]: Starting KomorebiEventListener...
2026-08-14 21:08:16,060 [INFO] [MainThread] [root/watcher.py:65]: Watching directory: c:\users\lowie\.config\yasb
2026-08-14 21:08:16,060 [INFO] [MainThread] [root/watcher.py:104]: Created file watcher
2026-08-14 21:08:16,222 [INFO] [Dummy-8] [root/event_listener.py:54]: Created named pipe yasb-80f588f3-9813-11f1-9e34-9c67d6e32e56
2026-08-14 21:08:16,358 [WARNING] [Dummy-8] [root/event_listener.py:136]: Komorebi failed to subscribe named pipe. 'komorebic.exe' is not recognized as an internal or external command, operable program or batch file.
2026-08-14 21:08:55,002 [WARNING] [MainThread] [deprecation/deprecation.py:146]: [DEPRECATED] BarAlignment: 'center' - Use 'align' instead.
2026-08-14 21:08:55,002 [WARNING] [MainThread] [deprecation/deprecation.py:146]: [DEPRECATED] BarBlurEffect: 'acrylic' - No longer supported and can be removed from the config.
2026-08-14 21:08:55,003 [INFO] [MainThread] [root/controller.py:21]: Reloading Application because of config change.
2026-08-14 21:08:55,105 [INFO] [MainThread] [cli_server/cli_server.py:114]: Log pipe server stopped
2026-08-14 21:08:55,120 [INFO] [MainThread] [root/bar_manager.py:93]: Successfully loaded updated config and re-initialised all bars.
2026-08-14 21:08:55,575 [INFO] [MainThread] [root/bar_manager.py:119]: Stopping SystemEventListener...
2026-08-14 21:08:55,611 [INFO] [MainThread] [root/bar_manager.py:119]: Stopping KomorebiEventListener...
2026-08-14 21:08:55,787 [INFO] [MainThread] [root/log.py:104]: YASB v2.0.6
2026-08-14 21:08:55,788 [INFO] [CLIPipeServer] [cli_server/cli_server.py:216]: CLI server started v1.1.7
2026-08-14 21:08:55,788 [INFO] [MainThread] [cli_server/cli_server.py:106]: Log pipe server started
2026-08-14 21:08:55,852 [WARNING] [MainThread] [deprecation/deprecation.py:146]: [DEPRECATED] BarAlignment: 'center' - Use 'align' instead.
2026-08-14 21:08:55,852 [WARNING] [MainThread] [deprecation/deprecation.py:146]: [DEPRECATED] BarBlurEffect: 'acrylic' - No longer supported and can be removed from the config.
2026-08-14 21:08:55,876 [WARNING] [MainThread] [deprecation/deprecation.py:146]: [DEPRECATED] HomeConfig: 'distance' - Use 'offset_top' instead.
2026-08-14 21:08:55,876 [WARNING] [MainThread] [deprecation/deprecation.py:146]: [DEPRECATED] HomeConfig: 'container_padding' - Use CSS padding instead.
2026-08-14 21:08:55,915 [WARNING] [MainThread] [deprecation/deprecation.py:146]: [DEPRECATED] KomorebiWorkspacesConfig: 'animation' - Use CSS animations instead.
2026-08-14 21:08:56,646 [WARNING] [MainThread] [deprecation/deprecation.py:146]: [DEPRECATED] CavaConfig: 'container_padding' - Use CSS padding instead.
2026-08-14 21:08:56,777 [WARNING] [MainThread] [deprecation/deprecation.py:150]: [DEPRECATED] VolumeConfig: 'volume_icons' renamed to 'icons' - Use 'icons' with the dictionary format instead.
2026-08-14 21:08:56,789 [INFO] [MainThread] [root/service.py:52]: AudioOutputService starting...
2026-08-14 21:08:56,842 [WARNING] [MainThread] [root/widget_builder.py:39]: No widget config could be found for widget 'cpu
2026-08-14 21:08:56,863 [WARNING] [MainThread] [deprecation/deprecation.py:146]: [DEPRECATED] GroupLabelConfig: 'distance' - Use 'offset_top' instead.
2026-08-14 21:08:57,102 [WARNING] [MainThread] [root/widget_builder.py:36]: Ignoring construction of invalid widget 'cpu'
2026-08-14 21:08:57,336 [INFO] [MainThread] [root/bar_manager.py:103]: Starting SystemEventListener...
2026-08-14 21:08:57,336 [INFO] [MainThread] [root/bar_manager.py:103]: Starting KomorebiEventListener...
2026-08-14 21:08:57,336 [ERROR] [MainThread] [root/widget_builder.py:100]: Failed to add undefined widget(s)  - The widget "cpu" is undefined.
2026-08-14 21:08:57,381 [INFO] [Dummy-6] [root/event_listener.py:54]: Created named pipe yasb-99904b94-9813-11f1-9397-9c67d6e32e56
2026-08-14 21:08:57,399 [INFO] [MainThread] [root/watcher.py:65]: Watching directory: c:\users\lowie\.config\yasb
2026-08-14 21:08:57,399 [INFO] [MainThread] [root/watcher.py:104]: Created file watcher
2026-08-14 21:08:57,579 [WARNING] [Dummy-6] [root/event_listener.py:136]: Komorebi failed to subscribe named pipe. 'komorebic.exe' is not recognized as an internal or external command, operable program or batch file.
2026-08-14 21:09:01,221 [WARNING] [MainThread] [deprecation/deprecation.py:146]: [DEPRECATED] BarAlignment: 'center' - Use 'align' instead.
2026-08-14 21:09:01,221 [WARNING] [MainThread] [deprecation/deprecation.py:146]: [DEPRECATED] BarBlurEffect: 'acrylic' - No longer supported and can be removed from the config.
2026-08-14 21:09:01,221 [INFO] [MainThread] [root/controller.py:21]: Reloading Application because of config change.
2026-08-14 21:09:01,322 [INFO] [MainThread] [cli_server/cli_server.py:114]: Log pipe server stopped
2026-08-14 21:09:01,332 [INFO] [MainThread] [root/bar_manager.py:93]: Successfully loaded updated config and re-initialised all bars.
2026-08-14 21:09:01,795 [INFO] [MainThread] [root/bar_manager.py:119]: Stopping SystemEventListener...
2026-08-14 21:09:01,867 [INFO] [MainThread] [root/bar_manager.py:119]: Stopping KomorebiEventListener...
2026-08-14 21:09:01,992 [INFO] [MainThread] [root/log.py:104]: YASB v2.0.6
2026-08-14 21:09:01,992 [INFO] [CLIPipeServer] [cli_server/cli_server.py:216]: CLI server started v1.1.7
2026-08-14 21:09:01,993 [INFO] [MainThread] [cli_server/cli_server.py:106]: Log pipe server started
2026-08-14 21:09:01,993 [INFO] [MainThread] [root/main.py:48]: Waiting for previous YASB instance to exit...
2026-08-14 21:09:02,243 [INFO] [MainThread] [root/main.py:74]: Previous instance exited, continuing startup.
2026-08-14 21:09:02,299 [WARNING] [MainThread] [deprecation/deprecation.py:146]: [DEPRECATED] BarAlignment: 'center' - Use 'align' instead.
2026-08-14 21:09:02,299 [WARNING] [MainThread] [deprecation/deprecation.py:146]: [DEPRECATED] BarBlurEffect: 'acrylic' - No longer supported and can be removed from the config.
2026-08-14 21:09:02,322 [WARNING] [MainThread] [deprecation/deprecation.py:146]: [DEPRECATED] HomeConfig: 'distance' - Use 'offset_top' instead.
2026-08-14 21:09:02,322 [WARNING] [MainThread] [deprecation/deprecation.py:146]: [DEPRECATED] HomeConfig: 'container_padding' - Use CSS padding instead.
2026-08-14 21:09:02,361 [WARNING] [MainThread] [deprecation/deprecation.py:146]: [DEPRECATED] KomorebiWorkspacesConfig: 'animation' - Use CSS animations instead.
2026-08-14 21:09:03,048 [WARNING] [MainThread] [deprecation/deprecation.py:146]: [DEPRECATED] CavaConfig: 'container_padding' - Use CSS padding instead.
2026-08-14 21:09:03,183 [WARNING] [MainThread] [deprecation/deprecation.py:150]: [DEPRECATED] VolumeConfig: 'volume_icons' renamed to 'icons' - Use 'icons' with the dictionary format instead.
2026-08-14 21:09:03,195 [INFO] [MainThread] [root/service.py:52]: AudioOutputService starting...
2026-08-14 21:09:03,280 [WARNING] [MainThread] [deprecation/deprecation.py:146]: [DEPRECATED] GroupLabelConfig: 'distance' - Use 'offset_top' instead.
2026-08-14 21:09:03,767 [INFO] [MainThread] [root/bar_manager.py:103]: Starting KomorebiEventListener...
2026-08-14 21:09:03,768 [INFO] [MainThread] [root/bar_manager.py:103]: Starting SystemEventListener...
2026-08-14 21:09:03,769 [INFO] [MainThread] [root/watcher.py:65]: Watching directory: c:\users\lowie\.config\yasb
2026-08-14 21:09:03,769 [INFO] [MainThread] [root/watcher.py:104]: Created file watcher
2026-08-14 21:09:03,880 [INFO] [Dummy-8] [root/event_listener.py:54]: Created named pipe yasb-9d65a305-9813-11f1-8449-9c67d6e32e56
2026-08-14 21:09:04,073 [WARNING] [Dummy-8] [root/event_listener.py:136]: Komorebi failed to subscribe named pipe. 'komorebic.exe' is not recognized as an internal or external command, operable program or batch file.
2026-08-14 21:09:45,190 [WARNING] [MainThread] [deprecation/deprecation.py:146]: [DEPRECATED] BarAlignment: 'center' - Use 'align' instead.
2026-08-14 21:09:45,190 [WARNING] [MainThread] [deprecation/deprecation.py:146]: [DEPRECATED] BarBlurEffect: 'acrylic' - No longer supported and can be removed from the config.
2026-08-14 21:09:45,191 [INFO] [MainThread] [root/controller.py:21]: Reloading Application because of config change.
2026-08-14 21:09:45,297 [INFO] [MainThread] [cli_server/cli_server.py:114]: Log pipe server stopped
2026-08-14 21:09:45,315 [INFO] [MainThread] [root/bar_manager.py:93]: Successfully loaded updated config and re-initialised all bars.
2026-08-14 21:09:45,805 [INFO] [MainThread] [root/bar_manager.py:119]: Stopping KomorebiEventListener...
2026-08-14 21:09:45,826 [INFO] [MainThread] [root/bar_manager.py:119]: Stopping SystemEventListener...
2026-08-14 21:09:46,012 [INFO] [MainThread] [root/log.py:104]: YASB v2.0.6
2026-08-14 21:09:46,012 [INFO] [CLIPipeServer] [cli_server/cli_server.py:216]: CLI server started v1.1.7
2026-08-14 21:09:46,013 [INFO] [MainThread] [cli_server/cli_server.py:106]: Log pipe server started
2026-08-14 21:09:46,091 [WARNING] [MainThread] [deprecation/deprecation.py:146]: [DEPRECATED] BarAlignment: 'center' - Use 'align' instead.
2026-08-14 21:09:46,091 [WARNING] [MainThread] [deprecation/deprecation.py:146]: [DEPRECATED] BarBlurEffect: 'acrylic' - No longer supported and can be removed from the config.
2026-08-14 21:09:46,117 [WARNING] [MainThread] [deprecation/deprecation.py:146]: [DEPRECATED] HomeConfig: 'distance' - Use 'offset_top' instead.
2026-08-14 21:09:46,118 [WARNING] [MainThread] [deprecation/deprecation.py:146]: [DEPRECATED] HomeConfig: 'container_padding' - Use CSS padding instead.
2026-08-14 21:09:46,158 [WARNING] [MainThread] [deprecation/deprecation.py:146]: [DEPRECATED] KomorebiWorkspacesConfig: 'animation' - Use CSS animations instead.
2026-08-14 21:09:46,907 [WARNING] [MainThread] [deprecation/deprecation.py:146]: [DEPRECATED] CavaConfig: 'container_padding' - Use CSS padding instead.
2026-08-14 21:09:47,042 [WARNING] [MainThread] [deprecation/deprecation.py:150]: [DEPRECATED] VolumeConfig: 'volume_icons' renamed to 'icons' - Use 'icons' with the dictionary format instead.
2026-08-14 21:09:47,054 [INFO] [MainThread] [root/service.py:52]: AudioOutputService starting...
2026-08-14 21:09:47,138 [WARNING] [MainThread] [deprecation/deprecation.py:146]: [DEPRECATED] GroupLabelConfig: 'distance' - Use 'offset_top' instead.
2026-08-14 21:09:47,634 [INFO] [MainThread] [root/bar_manager.py:103]: Starting KomorebiEventListener...
2026-08-14 21:09:47,634 [INFO] [MainThread] [root/bar_manager.py:103]: Starting SystemEventListener...
2026-08-14 21:09:47,635 [INFO] [MainThread] [root/watcher.py:65]: Watching directory: c:\users\lowie\.config\yasb
2026-08-14 21:09:47,635 [INFO] [MainThread] [root/watcher.py:104]: Created file watcher
2026-08-14 21:09:47,765 [INFO] [Dummy-8] [root/event_listener.py:54]: Created named pipe yasb-b78b2436-9813-11f1-97c1-9c67d6e32e56
2026-08-14 21:09:47,954 [WARNING] [Dummy-8] [root/event_listener.py:136]: Komorebi failed to subscribe named pipe. 'komorebic.exe' is not recognized as an internal or external command, operable program or batch file.
2026-08-14 21:33:38,889 [ERROR] [MainThread] [root/config.py:113]: The file 'C:\Users\lowie\.config\yasb\config.yaml' contains Parser Error(s). Please fix:
while parsing a flow sequence
  in "C:\Users\lowie\.config\yasb\config.yaml", line 44, column 9
expected ',' or ']', but got '<scalar>'
  in "C:\Users\lowie\.config\yasb\config.yaml", line 52, column 11
2026-08-14 21:33:40,528 [WARNING] [MainThread] [deprecation/deprecation.py:146]: [DEPRECATED] BarAlignment: 'center' - Use 'align' instead.
2026-08-14 21:33:40,528 [WARNING] [MainThread] [deprecation/deprecation.py:146]: [DEPRECATED] BarBlurEffect: 'acrylic' - No longer supported and can be removed from the config.
2026-08-14 21:33:40,529 [INFO] [MainThread] [root/controller.py:21]: Reloading Application because of config change.
2026-08-14 21:33:40,643 [INFO] [MainThread] [cli_server/cli_server.py:114]: Log pipe server stopped
2026-08-14 21:33:40,660 [INFO] [MainThread] [root/bar_manager.py:93]: Successfully loaded updated config and re-initialised all bars.
2026-08-14 21:33:41,053 [INFO] [MainThread] [root/bar_manager.py:119]: Stopping KomorebiEventListener...
2026-08-14 21:33:41,063 [INFO] [MainThread] [root/bar_manager.py:119]: Stopping SystemEventListener...
2026-08-14 21:33:41,305 [INFO] [MainThread] [root/log.py:104]: YASB v2.0.6
2026-08-14 21:33:41,305 [INFO] [CLIPipeServer] [cli_server/cli_server.py:216]: CLI server started v1.1.7
2026-08-14 21:33:41,306 [INFO] [MainThread] [cli_server/cli_server.py:106]: Log pipe server started
2026-08-14 21:33:41,358 [WARNING] [MainThread] [deprecation/deprecation.py:146]: [DEPRECATED] BarAlignment: 'center' - Use 'align' instead.
2026-08-14 21:33:41,358 [WARNING] [MainThread] [deprecation/deprecation.py:146]: [DEPRECATED] BarBlurEffect: 'acrylic' - No longer supported and can be removed from the config.
2026-08-14 21:33:41,380 [WARNING] [MainThread] [deprecation/deprecation.py:146]: [DEPRECATED] HomeConfig: 'distance' - Use 'offset_top' instead.
2026-08-14 21:33:41,380 [WARNING] [MainThread] [deprecation/deprecation.py:146]: [DEPRECATED] HomeConfig: 'container_padding' - Use CSS padding instead.
2026-08-14 21:33:41,417 [WARNING] [MainThread] [deprecation/deprecation.py:146]: [DEPRECATED] KomorebiWorkspacesConfig: 'animation' - Use CSS animations instead.
2026-08-14 21:33:42,135 [WARNING] [MainThread] [deprecation/deprecation.py:146]: [DEPRECATED] CavaConfig: 'container_padding' - Use CSS padding instead.
2026-08-14 21:33:42,268 [WARNING] [MainThread] [deprecation/deprecation.py:150]: [DEPRECATED] VolumeConfig: 'volume_icons' renamed to 'icons' - Use 'icons' with the dictionary format instead.
2026-08-14 21:33:42,280 [INFO] [MainThread] [root/service.py:52]: AudioOutputService starting...
2026-08-14 21:33:42,359 [WARNING] [MainThread] [deprecation/deprecation.py:146]: [DEPRECATED] GroupLabelConfig: 'distance' - Use 'offset_top' instead.
2026-08-14 21:33:42,389 [WARNING] [MainThread] [deprecation/deprecation.py:146]: [DEPRECATED] GalleryConfig: 'lazy_load_delay' - No longer supported and can be removed from the config.
2026-08-14 21:33:42,389 [WARNING] [MainThread] [deprecation/deprecation.py:146]: [DEPRECATED] GalleryConfig: 'enable_cache' - No longer supported and can be removed from the config.
2026-08-14 21:33:42,799 [INFO] [MainThread] [root/bar_manager.py:103]: Starting SystemEventListener...
2026-08-14 21:33:42,800 [INFO] [MainThread] [root/bar_manager.py:103]: Starting KomorebiEventListener...
2026-08-14 21:33:42,801 [INFO] [MainThread] [root/watcher.py:65]: Watching directory: c:\users\lowie\.config\yasb
2026-08-14 21:33:42,801 [INFO] [MainThread] [root/watcher.py:104]: Created file watcher
2026-08-14 21:33:42,935 [INFO] [Dummy-8] [root/event_listener.py:54]: Created named pipe yasb-0ef8191b-9817-11f1-a54a-9c67d6e32e56
2026-08-14 21:33:43,052 [WARNING] [Dummy-8] [root/event_listener.py:136]: Komorebi failed to subscribe named pipe. 'komorebic.exe' is not recognized as an internal or external command, operable program or batch file.
2026-08-14 21:35:16,930 [ERROR] [MainThread] [root/bar_manager.py:80]: Error loading config: while scanning a double-quoted scalar
  in "C:\Users\lowie\.config\yasb\config.yaml", line 222, column 19
expected escape sequence of 8 hexadecimal numbers, but found 's'
  in "C:\Users\lowie\.config\yasb\config.yaml", line 222, column 24
2026-08-14 21:35:18,478 [ERROR] [MainThread] [root/bar_manager.py:80]: Error loading config: while scanning a double-quoted scalar
  in "C:\Users\lowie\.config\yasb\config.yaml", line 222, column 19
expected escape sequence of 8 hexadecimal numbers, but found 's'
  in "C:\Users\lowie\.config\yasb\config.yaml", line 222, column 24
2026-08-14 21:35:20,542 [ERROR] [MainThread] [root/bar_manager.py:80]: Error loading config: while scanning a double-quoted scalar
  in "C:\Users\lowie\.config\yasb\config.yaml", line 222, column 19
expected escape sequence of 8 hexadecimal numbers, but found 's'
  in "C:\Users\lowie\.config\yasb\config.yaml", line 222, column 24
2026-08-14 21:35:22,485 [ERROR] [MainThread] [root/bar_manager.py:80]: Error loading config: while scanning a double-quoted scalar
  in "C:\Users\lowie\.config\yasb\config.yaml", line 222, column 19
expected escape sequence of 8 hexadecimal numbers, but found 's'
  in "C:\Users\lowie\.config\yasb\config.yaml", line 222, column 24
2026-08-14 21:35:23,788 [ERROR] [MainThread] [root/bar_manager.py:80]: Error loading config: while scanning a double-quoted scalar
  in "C:\Users\lowie\.config\yasb\config.yaml", line 222, column 19
expected escape sequence of 8 hexadecimal numbers, but found 's'
  in "C:\Users\lowie\.config\yasb\config.yaml", line 222, column 24
2026-08-14 21:38:03,393 [ERROR] [MainThread] [root/bar_manager.py:80]: Error loading config: while scanning a double-quoted scalar
  in "C:\Users\lowie\.config\yasb\config.yaml", line 222, column 19
expected escape sequence of 8 hexadecimal numbers, but found 's'
  in "C:\Users\lowie\.config\yasb\config.yaml", line 222, column 24
2026-08-14 21:38:05,424 [ERROR] [MainThread] [root/bar_manager.py:80]: Error loading config: while scanning a double-quoted scalar
  in "C:\Users\lowie\.config\yasb\config.yaml", line 222, column 19
expected escape sequence of 8 hexadecimal numbers, but found 's'
  in "C:\Users\lowie\.config\yasb\config.yaml", line 222, column 24
2026-08-14 21:38:46,702 [WARNING] [MainThread] [deprecation/deprecation.py:146]: [DEPRECATED] BarAlignment: 'center' - Use 'align' instead.
2026-08-14 21:38:46,702 [WARNING] [MainThread] [deprecation/deprecation.py:146]: [DEPRECATED] BarBlurEffect: 'acrylic' - No longer supported and can be removed from the config.
2026-08-14 21:38:46,703 [INFO] [MainThread] [root/controller.py:21]: Reloading Application because of config change.
2026-08-14 21:38:46,815 [INFO] [MainThread] [cli_server/cli_server.py:114]: Log pipe server stopped
2026-08-14 21:38:46,839 [INFO] [MainThread] [root/bar_manager.py:93]: Successfully loaded updated config and re-initialised all bars.
2026-08-14 21:38:47,183 [INFO] [MainThread] [root/bar_manager.py:119]: Stopping SystemEventListener...
2026-08-14 21:38:47,205 [INFO] [MainThread] [root/bar_manager.py:119]: Stopping KomorebiEventListener...
2026-08-14 21:38:47,457 [INFO] [MainThread] [root/log.py:104]: YASB v2.0.6
2026-08-14 21:38:47,458 [INFO] [CLIPipeServer] [cli_server/cli_server.py:216]: CLI server started v1.1.7
2026-08-14 21:38:47,458 [INFO] [MainThread] [cli_server/cli_server.py:106]: Log pipe server started
2026-08-14 21:38:47,508 [WARNING] [MainThread] [deprecation/deprecation.py:146]: [DEPRECATED] BarAlignment: 'center' - Use 'align' instead.
2026-08-14 21:38:47,508 [WARNING] [MainThread] [deprecation/deprecation.py:146]: [DEPRECATED] BarBlurEffect: 'acrylic' - No longer supported and can be removed from the config.
2026-08-14 21:38:47,530 [WARNING] [MainThread] [deprecation/deprecation.py:146]: [DEPRECATED] HomeConfig: 'distance' - Use 'offset_top' instead.
2026-08-14 21:38:47,531 [WARNING] [MainThread] [deprecation/deprecation.py:146]: [DEPRECATED] HomeConfig: 'container_padding' - Use CSS padding instead.
2026-08-14 21:38:47,572 [WARNING] [MainThread] [deprecation/deprecation.py:146]: [DEPRECATED] KomorebiWorkspacesConfig: 'animation' - Use CSS animations instead.
2026-08-14 21:38:48,251 [WARNING] [MainThread] [deprecation/deprecation.py:146]: [DEPRECATED] CavaConfig: 'container_padding' - Use CSS padding instead.
2026-08-14 21:38:48,388 [WARNING] [MainThread] [deprecation/deprecation.py:150]: [DEPRECATED] VolumeConfig: 'volume_icons' renamed to 'icons' - Use 'icons' with the dictionary format instead.
2026-08-14 21:38:48,400 [INFO] [MainThread] [root/service.py:52]: AudioOutputService starting...
2026-08-14 21:38:48,483 [WARNING] [MainThread] [deprecation/deprecation.py:146]: [DEPRECATED] GroupLabelConfig: 'distance' - Use 'offset_top' instead.
2026-08-14 21:38:48,513 [WARNING] [MainThread] [deprecation/deprecation.py:146]: [DEPRECATED] GalleryConfig: 'lazy_load_delay' - No longer supported and can be removed from the config.
2026-08-14 21:38:48,513 [WARNING] [MainThread] [deprecation/deprecation.py:146]: [DEPRECATED] GalleryConfig: 'enable_cache' - No longer supported and can be removed from the config.
2026-08-14 21:38:48,895 [INFO] [MainThread] [root/bar_manager.py:103]: Starting KomorebiEventListener...
2026-08-14 21:38:48,896 [INFO] [MainThread] [root/bar_manager.py:103]: Starting SystemEventListener...
2026-08-14 21:38:48,897 [INFO] [MainThread] [root/watcher.py:65]: Watching directory: c:\users\lowie\.config\yasb
2026-08-14 21:38:48,897 [INFO] [MainThread] [root/watcher.py:104]: Created file watcher
2026-08-14 21:38:49,011 [INFO] [Dummy-8] [root/event_listener.py:54]: Created named pipe yasb-c56a837a-9817-11f1-be1a-9c67d6e32e56
2026-08-14 21:38:49,138 [WARNING] [Dummy-8] [root/event_listener.py:136]: Komorebi failed to subscribe named pipe. 'komorebic.exe' is not recognized as an internal or external command, operable program or batch file.
2026-08-14 21:38:51,465 [WARNING] [MainThread] [deprecation/deprecation.py:146]: [DEPRECATED] BarAlignment: 'center' - Use 'align' instead.
2026-08-14 21:38:51,465 [WARNING] [MainThread] [deprecation/deprecation.py:146]: [DEPRECATED] BarBlurEffect: 'acrylic' - No longer supported and can be removed from the config.
2026-08-14 21:38:51,465 [INFO] [MainThread] [root/controller.py:21]: Reloading Application because of config change.
2026-08-14 21:38:51,578 [INFO] [MainThread] [cli_server/cli_server.py:114]: Log pipe server stopped
2026-08-14 21:38:51,596 [INFO] [MainThread] [root/bar_manager.py:93]: Successfully loaded updated config and re-initialised all bars.
2026-08-14 21:38:51,926 [INFO] [MainThread] [root/bar_manager.py:119]: Stopping KomorebiEventListener...
2026-08-14 21:38:51,936 [INFO] [MainThread] [root/bar_manager.py:119]: Stopping SystemEventListener...
2026-08-14 21:38:52,202 [INFO] [MainThread] [root/log.py:104]: YASB v2.0.6
2026-08-14 21:38:52,202 [INFO] [CLIPipeServer] [cli_server/cli_server.py:216]: CLI server started v1.1.7
2026-08-14 21:38:52,203 [INFO] [MainThread] [cli_server/cli_server.py:106]: Log pipe server started
2026-08-14 21:38:52,250 [WARNING] [MainThread] [deprecation/deprecation.py:146]: [DEPRECATED] BarAlignment: 'center' - Use 'align' instead.
2026-08-14 21:38:52,250 [WARNING] [MainThread] [deprecation/deprecation.py:146]: [DEPRECATED] BarBlurEffect: 'acrylic' - No longer supported and can be removed from the config.
2026-08-14 21:38:52,273 [WARNING] [MainThread] [deprecation/deprecation.py:146]: [DEPRECATED] HomeConfig: 'distance' - Use 'offset_top' instead.
2026-08-14 21:38:52,273 [WARNING] [MainThread] [deprecation/deprecation.py:146]: [DEPRECATED] HomeConfig: 'container_padding' - Use CSS padding instead.
2026-08-14 21:38:52,311 [WARNING] [MainThread] [deprecation/deprecation.py:146]: [DEPRECATED] KomorebiWorkspacesConfig: 'animation' - Use CSS animations instead.
2026-08-14 21:38:52,970 [WARNING] [MainThread] [deprecation/deprecation.py:146]: [DEPRECATED] CavaConfig: 'container_padding' - Use CSS padding instead.
2026-08-14 21:38:53,105 [WARNING] [MainThread] [deprecation/deprecation.py:150]: [DEPRECATED] VolumeConfig: 'volume_icons' renamed to 'icons' - Use 'icons' with the dictionary format instead.
2026-08-14 21:38:53,119 [INFO] [MainThread] [root/service.py:52]: AudioOutputService starting...
2026-08-14 21:38:53,195 [WARNING] [MainThread] [deprecation/deprecation.py:146]: [DEPRECATED] GroupLabelConfig: 'distance' - Use 'offset_top' instead.
2026-08-14 21:38:53,227 [WARNING] [MainThread] [deprecation/deprecation.py:146]: [DEPRECATED] GalleryConfig: 'lazy_load_delay' - No longer supported and can be removed from the config.
2026-08-14 21:38:53,227 [WARNING] [MainThread] [deprecation/deprecation.py:146]: [DEPRECATED] GalleryConfig: 'enable_cache' - No longer supported and can be removed from the config.
2026-08-14 21:38:53,631 [INFO] [MainThread] [root/bar_manager.py:103]: Starting SystemEventListener...
2026-08-14 21:38:53,631 [INFO] [MainThread] [root/bar_manager.py:103]: Starting KomorebiEventListener...
2026-08-14 21:38:53,632 [INFO] [MainThread] [root/watcher.py:65]: Watching directory: c:\users\lowie\.config\yasb
2026-08-14 21:38:53,633 [INFO] [MainThread] [root/watcher.py:104]: Created file watcher
2026-08-14 21:38:53,755 [INFO] [Dummy-8] [root/event_listener.py:54]: Created named pipe yasb-c83d2457-9817-11f1-9787-9c67d6e32e56
2026-08-14 21:38:53,878 [WARNING] [Dummy-8] [root/event_listener.py:136]: Komorebi failed to subscribe named pipe. 'komorebic.exe' is not recognized as an internal or external command, operable program or batch file.
2026-08-14 21:41:31,450 [INFO] [MainThread] [root/bar_helper.py:594]: AppBarManager need to re-register 2 bars
2026-08-14 21:41:31,476 [INFO] [MainThread] [root/bar_helper.py:603]: Re-registered AppBar for primary-bar_DISPLAY1_7e0847b9 (space reservation + fullscreen)
2026-08-14 21:41:31,557 [INFO] [MainThread] [root/bar_helper.py:603]: Re-registered AppBar for primary-bar_R32qc-30_bbfc2c85 (space reservation + fullscreen)
2026-08-14 21:42:40,725 [INFO] [MainThread] [root/bar_helper.py:594]: AppBarManager need to re-register 2 bars
2026-08-14 21:42:40,743 [INFO] [MainThread] [root/bar_helper.py:603]: Re-registered AppBar for primary-bar_DISPLAY1_7e0847b9 (space reservation + fullscreen)
2026-08-14 21:42:40,834 [INFO] [MainThread] [root/bar_helper.py:603]: Re-registered AppBar for primary-bar_R32qc-30_bbfc2c85 (space reservation + fullscreen)
2026-08-14 21:44:01,697 [ERROR] [MainThread] [root/bar_manager.py:80]: Error loading config: while scanning a double-quoted scalar
  in "C:\Users\lowie\.config\yasb\config.yaml", line 222, column 19
expected escape sequence of 8 hexadecimal numbers, but found 's'
  in "C:\Users\lowie\.config\yasb\config.yaml", line 222, column 24
2026-08-14 21:44:05,869 [ERROR] [MainThread] [root/bar_manager.py:80]: Error loading config: while scanning a double-quoted scalar
  in "C:\Users\lowie\.config\yasb\config.yaml", line 222, column 19
expected escape sequence of 8 hexadecimal numbers, but found 's'
  in "C:\Users\lowie\.config\yasb\config.yaml", line 222, column 24
2026-08-14 21:44:09,603 [ERROR] [MainThread] [root/bar_manager.py:80]: Error loading config: while scanning a double-quoted scalar
  in "C:\Users\lowie\.config\yasb\config.yaml", line 222, column 19
expected escape sequence of 8 hexadecimal numbers, but found 's'
  in "C:\Users\lowie\.config\yasb\config.yaml", line 222, column 24
2026-08-14 21:44:13,406 [ERROR] [MainThread] [root/bar_manager.py:80]: Error loading config: while scanning a double-quoted scalar
  in "C:\Users\lowie\.config\yasb\config.yaml", line 222, column 19
expected escape sequence of 8 hexadecimal numbers, but found 's'
  in "C:\Users\lowie\.config\yasb\config.yaml", line 222, column 24
2026-08-14 21:44:15,934 [ERROR] [MainThread] [root/bar_manager.py:80]: Error loading config: while scanning a double-quoted scalar
  in "C:\Users\lowie\.config\yasb\config.yaml", line 222, column 19
expected escape sequence of 8 hexadecimal numbers, but found 's'
  in "C:\Users\lowie\.config\yasb\config.yaml", line 222, column 24
2026-08-14 21:44:18,136 [ERROR] [MainThread] [root/bar_manager.py:80]: Error loading config: while scanning a double-quoted scalar
  in "C:\Users\lowie\.config\yasb\config.yaml", line 222, column 19
expected escape sequence of 8 hexadecimal numbers, but found 's'
  in "C:\Users\lowie\.config\yasb\config.yaml", line 222, column 24
2026-08-14 21:44:20,357 [WARNING] [MainThread] [deprecation/deprecation.py:146]: [DEPRECATED] BarAlignment: 'center' - Use 'align' instead.
2026-08-14 21:44:20,358 [WARNING] [MainThread] [deprecation/deprecation.py:146]: [DEPRECATED] BarBlurEffect: 'acrylic' - No longer supported and can be removed from the config.
2026-08-14 21:44:20,358 [INFO] [MainThread] [root/controller.py:21]: Reloading Application because of config change.
2026-08-14 21:44:20,461 [INFO] [MainThread] [cli_server/cli_server.py:114]: Log pipe server stopped
2026-08-14 21:44:20,484 [INFO] [MainThread] [root/bar_manager.py:93]: Successfully loaded updated config and re-initialised all bars.
2026-08-14 21:44:20,842 [INFO] [MainThread] [root/bar_manager.py:119]: Stopping SystemEventListener...
2026-08-14 21:44:20,864 [INFO] [MainThread] [root/bar_manager.py:119]: Stopping KomorebiEventListener...
2026-08-14 21:44:21,135 [INFO] [MainThread] [root/log.py:104]: YASB v2.0.6
2026-08-14 21:44:21,136 [INFO] [CLIPipeServer] [cli_server/cli_server.py:216]: CLI server started v1.1.7
2026-08-14 21:44:21,136 [INFO] [MainThread] [cli_server/cli_server.py:106]: Log pipe server started
2026-08-14 21:44:21,190 [WARNING] [MainThread] [deprecation/deprecation.py:146]: [DEPRECATED] BarAlignment: 'center' - Use 'align' instead.
2026-08-14 21:44:21,190 [WARNING] [MainThread] [deprecation/deprecation.py:146]: [DEPRECATED] BarBlurEffect: 'acrylic' - No longer supported and can be removed from the config.
2026-08-14 21:44:21,213 [WARNING] [MainThread] [deprecation/deprecation.py:146]: [DEPRECATED] HomeConfig: 'distance' - Use 'offset_top' instead.
2026-08-14 21:44:21,213 [WARNING] [MainThread] [deprecation/deprecation.py:146]: [DEPRECATED] HomeConfig: 'container_padding' - Use CSS padding instead.
2026-08-14 21:44:21,251 [WARNING] [MainThread] [deprecation/deprecation.py:146]: [DEPRECATED] KomorebiWorkspacesConfig: 'animation' - Use CSS animations instead.
2026-08-14 21:44:22,066 [WARNING] [MainThread] [deprecation/deprecation.py:146]: [DEPRECATED] CavaConfig: 'container_padding' - Use CSS padding instead.
2026-08-14 21:44:22,201 [WARNING] [MainThread] [deprecation/deprecation.py:150]: [DEPRECATED] VolumeConfig: 'volume_icons' renamed to 'icons' - Use 'icons' with the dictionary format instead.
2026-08-14 21:44:22,214 [INFO] [MainThread] [root/service.py:52]: AudioOutputService starting...
2026-08-14 21:44:22,297 [WARNING] [MainThread] [deprecation/deprecation.py:146]: [DEPRECATED] GroupLabelConfig: 'distance' - Use 'offset_top' instead.
2026-08-14 21:44:22,328 [WARNING] [MainThread] [deprecation/deprecation.py:146]: [DEPRECATED] GalleryConfig: 'lazy_load_delay' - No longer supported and can be removed from the config.
2026-08-14 21:44:22,328 [WARNING] [MainThread] [deprecation/deprecation.py:146]: [DEPRECATED] GalleryConfig: 'enable_cache' - No longer supported and can be removed from the config.
2026-08-14 21:44:22,711 [INFO] [MainThread] [root/bar_manager.py:103]: Starting KomorebiEventListener...
2026-08-14 21:44:22,712 [INFO] [MainThread] [root/bar_manager.py:103]: Starting SystemEventListener...
2026-08-14 21:44:22,713 [INFO] [MainThread] [root/watcher.py:65]: Watching directory: c:\users\lowie\.config\yasb
2026-08-14 21:44:22,713 [INFO] [MainThread] [root/watcher.py:104]: Created file watcher
2026-08-14 21:44:22,845 [INFO] [Dummy-8] [root/event_listener.py:54]: Created named pipe yasb-8c62d4d2-9818-11f1-a7da-9c67d6e32e56
2026-08-14 21:44:22,976 [WARNING] [Dummy-8] [root/event_listener.py:136]: Komorebi failed to subscribe named pipe. 'komorebic.exe' is not recognized as an internal or external command, operable program or batch file.
2026-08-14 23:25:11,954 [INFO] [MainThread] [root/bar_manager.py:119]: Stopping KomorebiEventListener...
2026-08-14 23:25:11,963 [INFO] [MainThread] [root/bar_manager.py:119]: Stopping SystemEventListener...
2026-08-15 09:15:41,790 [INFO] [MainThread] [root/log.py:104]: YASB v2.0.6
2026-08-15 09:15:41,791 [INFO] [CLIPipeServer] [cli_server/cli_server.py:216]: CLI server started v1.1.7
2026-08-15 09:15:41,791 [INFO] [MainThread] [cli_server/cli_server.py:106]: Log pipe server started
2026-08-15 09:15:41,904 [WARNING] [MainThread] [deprecation/deprecation.py:146]: [DEPRECATED] BarAlignment: 'center' - Use 'align' instead.
2026-08-15 09:15:41,905 [WARNING] [MainThread] [deprecation/deprecation.py:146]: [DEPRECATED] BarBlurEffect: 'acrylic' - No longer supported and can be removed from the config.
2026-08-15 09:15:42,002 [WARNING] [MainThread] [deprecation/deprecation.py:146]: [DEPRECATED] HomeConfig: 'distance' - Use 'offset_top' instead.
2026-08-15 09:15:42,002 [WARNING] [MainThread] [deprecation/deprecation.py:146]: [DEPRECATED] HomeConfig: 'container_padding' - Use CSS padding instead.
2026-08-15 09:15:42,263 [WARNING] [MainThread] [deprecation/deprecation.py:146]: [DEPRECATED] KomorebiWorkspacesConfig: 'animation' - Use CSS animations instead.
2026-08-15 09:15:43,219 [WARNING] [MainThread] [deprecation/deprecation.py:146]: [DEPRECATED] CavaConfig: 'container_padding' - Use CSS padding instead.
2026-08-15 09:15:43,672 [WARNING] [MainThread] [deprecation/deprecation.py:150]: [DEPRECATED] VolumeConfig: 'volume_icons' renamed to 'icons' - Use 'icons' with the dictionary format instead.
2026-08-15 09:15:43,684 [INFO] [MainThread] [root/service.py:52]: AudioOutputService starting...
2026-08-15 09:15:43,765 [WARNING] [MainThread] [deprecation/deprecation.py:146]: [DEPRECATED] GroupLabelConfig: 'distance' - Use 'offset_top' instead.
2026-08-15 09:15:43,802 [WARNING] [MainThread] [deprecation/deprecation.py:146]: [DEPRECATED] GalleryConfig: 'lazy_load_delay' - No longer supported and can be removed from the config.
2026-08-15 09:15:43,802 [WARNING] [MainThread] [deprecation/deprecation.py:146]: [DEPRECATED] GalleryConfig: 'enable_cache' - No longer supported and can be removed from the config.
2026-08-15 09:15:43,887 [INFO] [MainThread] [root/bar_manager.py:103]: Starting SystemEventListener...
2026-08-15 09:15:43,887 [INFO] [MainThread] [root/bar_manager.py:103]: Starting KomorebiEventListener...
2026-08-15 09:15:43,888 [INFO] [MainThread] [root/watcher.py:65]: Watching directory: c:\users\lowie\.config\yasb
2026-08-15 09:15:43,889 [INFO] [MainThread] [root/watcher.py:104]: Created file watcher
2026-08-15 09:15:43,905 [INFO] [Dummy-7] [root/event_listener.py:54]: Created named pipe yasb-2117ec97-9879-11f1-ab36-9c67d6e32e56
2026-08-15 09:15:44,041 [WARNING] [Dummy-7] [root/event_listener.py:136]: Komorebi failed to subscribe named pipe. 'komorebic.exe' is not recognized as an internal or external command, operable program or batch file.
2026-08-15 10:34:13,331 [WARNING] [MainThread] [deprecation/deprecation.py:146]: [DEPRECATED] BarAlignment: 'center' - Use 'align' instead.
2026-08-15 10:34:13,331 [WARNING] [MainThread] [deprecation/deprecation.py:146]: [DEPRECATED] BarBlurEffect: 'acrylic' - No longer supported and can be removed from the config.
2026-08-15 10:34:13,334 [INFO] [MainThread] [root/controller.py:21]: Reloading Application because of config change.
2026-08-15 10:34:13,450 [INFO] [MainThread] [cli_server/cli_server.py:114]: Log pipe server stopped
2026-08-15 10:34:13,471 [INFO] [MainThread] [root/bar_manager.py:93]: Successfully loaded updated config and re-initialised all bars.
2026-08-15 10:34:13,576 [INFO] [MainThread] [root/bar_manager.py:119]: Stopping SystemEventListener...
2026-08-15 10:34:13,602 [INFO] [MainThread] [root/bar_manager.py:119]: Stopping KomorebiEventListener...
2026-08-15 10:34:15,896 [INFO] [MainThread] [root/log.py:104]: YASB v2.0.6
2026-08-15 10:34:15,897 [INFO] [CLIPipeServer] [cli_server/cli_server.py:216]: CLI server started v1.1.7
2026-08-15 10:34:15,898 [INFO] [MainThread] [cli_server/cli_server.py:106]: Log pipe server started
2026-08-15 10:34:15,959 [WARNING] [MainThread] [deprecation/deprecation.py:146]: [DEPRECATED] BarAlignment: 'center' - Use 'align' instead.
2026-08-15 10:34:15,959 [WARNING] [MainThread] [deprecation/deprecation.py:146]: [DEPRECATED] BarBlurEffect: 'acrylic' - No longer supported and can be removed from the config.
2026-08-15 10:34:16,019 [WARNING] [MainThread] [deprecation/deprecation.py:146]: [DEPRECATED] HomeConfig: 'distance' - Use 'offset_top' instead.
2026-08-15 10:34:16,019 [WARNING] [MainThread] [deprecation/deprecation.py:146]: [DEPRECATED] HomeConfig: 'container_padding' - Use CSS padding instead.
2026-08-15 10:34:16,159 [WARNING] [MainThread] [deprecation/deprecation.py:146]: [DEPRECATED] KomorebiWorkspacesConfig: 'animation' - Use CSS animations instead.
2026-08-15 10:34:17,594 [WARNING] [MainThread] [deprecation/deprecation.py:146]: [DEPRECATED] CavaConfig: 'container_padding' - Use CSS padding instead.
2026-08-15 10:34:18,685 [WARNING] [MainThread] [deprecation/deprecation.py:150]: [DEPRECATED] VolumeConfig: 'volume_icons' renamed to 'icons' - Use 'icons' with the dictionary format instead.
2026-08-15 10:34:18,742 [INFO] [MainThread] [root/service.py:52]: AudioOutputService starting...
2026-08-15 10:34:19,137 [WARNING] [MainThread] [deprecation/deprecation.py:146]: [DEPRECATED] GroupLabelConfig: 'distance' - Use 'offset_top' instead.
2026-08-15 10:34:19,279 [WARNING] [MainThread] [deprecation/deprecation.py:146]: [DEPRECATED] GalleryConfig: 'lazy_load_delay' - No longer supported and can be removed from the config.
2026-08-15 10:34:19,279 [WARNING] [MainThread] [deprecation/deprecation.py:146]: [DEPRECATED] GalleryConfig: 'enable_cache' - No longer supported and can be removed from the config.
2026-08-15 10:34:19,561 [INFO] [MainThread] [root/bar_manager.py:103]: Starting KomorebiEventListener...
2026-08-15 10:34:19,562 [INFO] [MainThread] [root/bar_manager.py:103]: Starting SystemEventListener...
2026-08-15 10:34:19,563 [INFO] [MainThread] [root/watcher.py:65]: Watching directory: c:\users\lowie\.config\yasb
2026-08-15 10:34:19,564 [INFO] [MainThread] [root/watcher.py:104]: Created file watcher
2026-08-15 10:34:19,664 [INFO] [Dummy-7] [root/event_listener.py:54]: Created named pipe yasb-1bdac627-9884-11f1-8ec1-9c67d6e32e56
2026-08-15 10:34:19,792 [WARNING] [Dummy-7] [root/event_listener.py:136]: Komorebi failed to subscribe named pipe. 'komorebic.exe' is not recognized as an internal or external command, operable program or batch file.
2026-08-15 10:34:19,830 [WARNING] [MainThread] [deprecation/deprecation.py:146]: [DEPRECATED] BarAlignment: 'center' - Use 'align' instead.
2026-08-15 10:34:19,830 [WARNING] [MainThread] [deprecation/deprecation.py:146]: [DEPRECATED] BarBlurEffect: 'acrylic' - No longer supported and can be removed from the config.
2026-08-15 10:34:19,831 [INFO] [MainThread] [root/controller.py:21]: Reloading Application because of config change.
2026-08-15 10:34:19,933 [INFO] [MainThread] [cli_server/cli_server.py:114]: Log pipe server stopped
2026-08-15 10:34:19,957 [INFO] [MainThread] [root/bar_manager.py:93]: Successfully loaded updated config and re-initialised all bars.
Windows fatal exception: code 0x8001010e

Thread 0x00001374 [SystemEventListener] (most recent call first):
  File "D:\a\yasb\yasb\src\core\utils\win32\event_listener.py", line 69 in run

Thread 0x000058dc [KomorebiEventListener] (most recent call first):
  File "C:\hostedtoolcache\windows\Python\3.14.6\x64\Lib\threading.py", line 373 in wait
  File "C:\hostedtoolcache\windows\Python\3.14.6\x64\Lib\threading.py", line 670 in wait
  File "D:\a\yasb\yasb\src\core\widgets\services\komorebi\event_listener.py", line 139 in _wait_until_komorebi_online
  File "D:\a\yasb\yasb\src\core\widgets\services\komorebi\event_listener.py", line 69 in run

Thread 0x00008fe0 [Thread-5] (most recent call first):
  File "C:\hostedtoolcache\windows\Python\3.14.6\x64\Lib\threading.py", line 369 in wait
  File "C:\hostedtoolcache\windows\Python\3.14.6\x64\Lib\queue.py", line 199 in get
  File "D:\a\yasb\yasb\venv\Lib\site-packages\watchdog\observers\api.py", line 379 in dispatch_events
  File "D:\a\yasb\yasb\venv\Lib\site-packages\watchdog\observers\api.py", line 213 in run
  File "C:\hostedtoolcache\windows\Python\3.14.6\x64\Lib\threading.py", line 1082 in _bootstrap_inner
  File "C:\hostedtoolcache\windows\Python\3.14.6\x64\Lib\threading.py", line 1044 in _bootstrap

Thread 0x000044b4 [Thread-6] (most recent call first):
  File "D:\a\yasb\yasb\venv\Lib\site-packages\watchdog\observers\winapi.py", line 326 in read_directory_changes
  File "D:\a\yasb\yasb\venv\Lib\site-packages\watchdog\observers\winapi.py", line 380 in read_events
  File "D:\a\yasb\yasb\venv\Lib\site-packages\watchdog\observers\read_directory_changes.py", line 67 in _read_events
  File "D:\a\yasb\yasb\venv\Lib\site-packages\watchdog\observers\read_directory_changes.py", line 70 in queue_events
  File "D:\a\yasb\yasb\venv\Lib\site-packages\watchdog\observers\api.py", line 158 in run
  File "C:\hostedtoolcache\windows\Python\3.14.6\x64\Lib\threading.py", line 1082 in _bootstrap_inner
  File "C:\hostedtoolcache\windows\Python\3.14.6\x64\Lib\threading.py", line 1044 in _bootstrap

Thread 0x00008e9c [GpuWorker] (most recent call first):
  File "D:\a\yasb\yasb\src\core\widgets\services\gpu\gpu_api.py", line 192 in load
  File "D:\a\yasb\yasb\src\core\widgets\services\gpu\gpu_api.py", line 365 in prime
  File "D:\a\yasb\yasb\src\core\widgets\services\gpu\gpu_api.py", line 530 in run

Thread 0x00005260 [CpuWorker] (most recent call first):
  File "C:\hostedtoolcache\windows\Python\3.14.6\x64\Lib\threading.py", line 373 in wait
  File "C:\hostedtoolcache\windows\Python\3.14.6\x64\Lib\threading.py", line 670 in wait
  File "D:\a\yasb\yasb\src\core\widgets\services\cpu\cpu_api.py", line 343 in run

Thread 0x000087a0 [Thread-3 (process_audio)] (most recent call first):
  File "D:\a\yasb\yasb\src\core\widgets\yasb\cava.py", line 586 in process_audio
  File "C:\hostedtoolcache\windows\Python\3.14.6\x64\Lib\threading.py", line 1024 in run
  File "C:\hostedtoolcache\windows\Python\3.14.6\x64\Lib\threading.py", line 1082 in _bootstrap_inner
  File "C:\hostedtoolcache\windows\Python\3.14.6\x64\Lib\threading.py", line 1044 in _bootstrap

Thread 0x000092e0 [_EventWorker] (most recent call first):
  File "D:\a\yasb\yasb\venv\Lib\site-packages\qasync\_windows.py", line 147 in _poll
  File "D:\a\yasb\yasb\venv\Lib\site-packages\qasync\_windows.py", line 72 in select
  File "D:\a\yasb\yasb\venv\Lib\site-packages\qasync\_windows.py", line 199 in run

Thread 0x00005760 [LogPipeServer] (most recent call first):
  File "D:\a\yasb\yasb\src\core\utils\win32\bindings\kernel32.py", line 291 in ConnectNamedPipe
  File "D:\a\yasb\yasb\src\core\utils\cli_server.py", line 138 in _run_server
  File "C:\hostedtoolcache\windows\Python\3.14.6\x64\Lib\threading.py", line 1024 in run
  File "C:\hostedtoolcache\windows\Python\3.14.6\x64\Lib\threading.py", line 1082 in _bootstrap_inner
  File "C:\hostedtoolcache\windows\Python\3.14.6\x64\Lib\threading.py", line 1044 in _bootstrap

Thread 0x00000da4 [CLIPipeServer] (most recent call first):
  File "D:\a\yasb\yasb\src\core\utils\win32\bindings\kernel32.py", line 291 in ConnectNamedPipe
  File "D:\a\yasb\yasb\src\core\utils\cli_server.py", line 235 in _run_server
  File "C:\hostedtoolcache\windows\Python\3.14.6\x64\Lib\threading.py", line 1024 in run
  File "C:\hostedtoolcache\windows\Python\3.14.6\x64\Lib\threading.py", line 1082 in _bootstrap_inner
  File "C:\hostedtoolcache\windows\Python\3.14.6\x64\Lib\threading.py", line 1044 in _bootstrap

Current thread 0x000058b4 (most recent call first):
  File "C:\hostedtoolcache\windows\Python\3.14.6\x64\Lib\asyncio\events.py", line 94 in _run
  File "D:\a\yasb\yasb\venv\Lib\site-packages\qasync\__init__.py", line 307 in timerEvent
  File "D:\a\yasb\yasb\venv\Lib\site-packages\qasync\__init__.py", line 404 in run_forever
  File "D:\a\yasb\yasb\venv\Lib\site-packages\qasync\__init__.py", line 428 in run_until_complete
  File "main.py", line 100 in main
  File "main.py", line 203 in <module>
  File "D:\a\yasb\yasb\venv\Lib\site-packages\freeze_core\initscripts\console.py", line 43 in run
  File "src/freeze_core/initscripts/__startup__.py", line 147 in run
Windows fatal exception: code 0x8001010e

Thread 0x00001374 [SystemEventListener] (most recent call first):
  File "D:\a\yasb\yasb\src\core\utils\win32\event_listener.py", line 69 in run

Thread 0x000058dc [KomorebiEventListener] (most recent call first):
  File "C:\hostedtoolcache\windows\Python\3.14.6\x64\Lib\threading.py", line 373 in wait
  File "C:\hostedtoolcache\windows\Python\3.14.6\x64\Lib\threading.py", line 670 in wait
  File "D:\a\yasb\yasb\src\core\widgets\services\komorebi\event_listener.py", line 139 in _wait_until_komorebi_online
  File "D:\a\yasb\yasb\src\core\widgets\services\komorebi\event_listener.py", line 69 in run

Thread 0x00008fe0 [Thread-5] (most recent call first):
  File "C:\hostedtoolcache\windows\Python\3.14.6\x64\Lib\threading.py", line 369 in wait
  File "C:\hostedtoolcache\windows\Python\3.14.6\x64\Lib\queue.py", line 199 in get
  File "D:\a\yasb\yasb\venv\Lib\site-packages\watchdog\observers\api.py", line 379 in dispatch_events
  File "D:\a\yasb\yasb\venv\Lib\site-packages\watchdog\observers\api.py", line 213 in run
  File "C:\hostedtoolcache\windows\Python\3.14.6\x64\Lib\threading.py", line 1082 in _bootstrap_inner
  File "C:\hostedtoolcache\windows\Python\3.14.6\x64\Lib\threading.py", line 1044 in _bootstrap

Thread 0x000044b4 [Thread-6] (most recent call first):
  File "D:\a\yasb\yasb\venv\Lib\site-packages\watchdog\observers\winapi.py", line 326 in read_directory_changes
  File "D:\a\yasb\yasb\venv\Lib\site-packages\watchdog\observers\winapi.py", line 380 in read_events
  File "D:\a\yasb\yasb\venv\Lib\site-packages\watchdog\observers\read_directory_changes.py", line 67 in _read_events
  File "D:\a\yasb\yasb\venv\Lib\site-packages\watchdog\observers\read_directory_changes.py", line 70 in queue_events
  File "D:\a\yasb\yasb\venv\Lib\site-packages\watchdog\observers\api.py", line 158 in run
  File "C:\hostedtoolcache\windows\Python\3.14.6\x64\Lib\threading.py", line 1082 in _bootstrap_inner
  File "C:\hostedtoolcache\windows\Python\3.14.6\x64\Lib\threading.py", line 1044 in _bootstrap

Thread 0x00008e9c [GpuWorker] (most recent call first):
  File "D:\a\yasb\yasb\src\core\widgets\services\gpu\gpu_api.py", line 192 in load
  File "D:\a\yasb\yasb\src\core\widgets\services\gpu\gpu_api.py", line 365 in prime
  File "D:\a\yasb\yasb\src\core\widgets\services\gpu\gpu_api.py", line 530 in run

Thread 0x00005260 [CpuWorker] (most recent call first):
  File "C:\hostedtoolcache\windows\Python\3.14.6\x64\Lib\threading.py", line 373 in wait
  File "C:\hostedtoolcache\windows\Python\3.14.6\x64\Lib\threading.py", line 670 in wait
  File "D:\a\yasb\yasb\src\core\widgets\services\cpu\cpu_api.py", line 343 in run

Thread 0x000087a0 [Thread-3 (process_audio)] (most recent call first):
  File "D:\a\yasb\yasb\src\core\widgets\yasb\cava.py", line 586 in process_audio
  File "C:\hostedtoolcache\windows\Python\3.14.6\x64\Lib\threading.py", line 1024 in run
  File "C:\hostedtoolcache\windows\Python\3.14.6\x64\Lib\threading.py", line 1082 in _bootstrap_inner
  File "C:\hostedtoolcache\windows\Python\3.14.6\x64\Lib\threading.py", line 1044 in _bootstrap

Thread 0x000092e0 [_EventWorker] (most recent call first):
  File "D:\a\yasb\yasb\venv\Lib\site-packages\qasync\_windows.py", line 147 in _poll
  File "D:\a\yasb\yasb\venv\Lib\site-packages\qasync\_windows.py", line 72 in select
  File "D:\a\yasb\yasb\venv\Lib\site-packages\qasync\_windows.py", line 199 in run

Thread 0x00005760 [LogPipeServer] (most recent call first):
  File "D:\a\yasb\yasb\src\core\utils\win32\bindings\kernel32.py", line 291 in ConnectNamedPipe
  File "D:\a\yasb\yasb\src\core\utils\cli_server.py", line 138 in _run_server
  File "C:\hostedtoolcache\windows\Python\3.14.6\x64\Lib\threading.py", line 1024 in run
  File "C:\hostedtoolcache\windows\Python\3.14.6\x64\Lib\threading.py", line 1082 in _bootstrap_inner
  File "C:\hostedtoolcache\windows\Python\3.14.6\x64\Lib\threading.py", line 1044 in _bootstrap

Thread 0x00000da4 [CLIPipeServer] (most recent call first):
  File "D:\a\yasb\yasb\src\core\utils\win32\bindings\kernel32.py", line 291 in ConnectNamedPipe
  File "D:\a\yasb\yasb\src\core\utils\cli_server.py", line 235 in _run_server
  File "C:\hostedtoolcache\windows\Python\3.14.6\x64\Lib\threading.py", line 1024 in run
  File "C:\hostedtoolcache\windows\Python\3.14.6\x64\Lib\threading.py", line 1082 in _bootstrap_inner
  File "C:\hostedtoolcache\windows\Python\3.14.6\x64\Lib\threading.py", line 1044 in _bootstrap

Current thread 0x000058b4 (most recent call first):
  File "C:\hostedtoolcache\windows\Python\3.14.6\x64\Lib\asyncio\events.py", line 94 in _run
  File "D:\a\yasb\yasb\venv\Lib\site-packages\qasync\__init__.py", line 307 in timerEvent
  File "D:\a\yasb\yasb\venv\Lib\site-packages\qasync\__init__.py", line 404 in run_forever
  File "D:\a\yasb\yasb\venv\Lib\site-packages\qasync\__init__.py", line 428 in run_until_complete
  File "main.py", line 100 in main
  File "main.py", line 203 in <module>
  File "D:\a\yasb\yasb\venv\Lib\site-packages\freeze_core\initscripts\console.py", line 43 in run
  File "src/freeze_core/initscripts/__startup__.py", line 147 in run
2026-08-15 10:34:20,119 [INFO] [MainThread] [root/bar_manager.py:119]: Stopping KomorebiEventListener...
2026-08-15 10:34:20,129 [INFO] [MainThread] [root/bar_manager.py:119]: Stopping SystemEventListener...
2026-08-15 10:34:20,513 [INFO] [MainThread] [root/log.py:104]: YASB v2.0.6
2026-08-15 10:34:20,514 [INFO] [CLIPipeServer] [cli_server/cli_server.py:216]: CLI server started v1.1.7
2026-08-15 10:34:20,515 [INFO] [MainThread] [cli_server/cli_server.py:106]: Log pipe server started
2026-08-15 10:34:20,557 [WARNING] [MainThread] [deprecation/deprecation.py:146]: [DEPRECATED] BarAlignment: 'center' - Use 'align' instead.
2026-08-15 10:34:20,558 [WARNING] [MainThread] [deprecation/deprecation.py:146]: [DEPRECATED] BarBlurEffect: 'acrylic' - No longer supported and can be removed from the config.
2026-08-15 10:34:20,580 [WARNING] [MainThread] [deprecation/deprecation.py:146]: [DEPRECATED] HomeConfig: 'distance' - Use 'offset_top' instead.
2026-08-15 10:34:20,580 [WARNING] [MainThread] [deprecation/deprecation.py:146]: [DEPRECATED] HomeConfig: 'container_padding' - Use CSS padding instead.
2026-08-15 10:34:20,617 [WARNING] [MainThread] [deprecation/deprecation.py:146]: [DEPRECATED] KomorebiWorkspacesConfig: 'animation' - Use CSS animations instead.
2026-08-15 10:34:21,518 [WARNING] [MainThread] [deprecation/deprecation.py:146]: [DEPRECATED] CavaConfig: 'container_padding' - Use CSS padding instead.
2026-08-15 10:34:21,659 [WARNING] [MainThread] [deprecation/deprecation.py:150]: [DEPRECATED] VolumeConfig: 'volume_icons' renamed to 'icons' - Use 'icons' with the dictionary format instead.
2026-08-15 10:34:21,671 [INFO] [MainThread] [root/service.py:52]: AudioOutputService starting...
2026-08-15 10:34:21,743 [WARNING] [MainThread] [deprecation/deprecation.py:146]: [DEPRECATED] GroupLabelConfig: 'distance' - Use 'offset_top' instead.
2026-08-15 10:34:21,773 [WARNING] [MainThread] [deprecation/deprecation.py:146]: [DEPRECATED] GalleryConfig: 'lazy_load_delay' - No longer supported and can be removed from the config.
2026-08-15 10:34:21,773 [WARNING] [MainThread] [deprecation/deprecation.py:146]: [DEPRECATED] GalleryConfig: 'enable_cache' - No longer supported and can be removed from the config.
2026-08-15 10:34:21,890 [INFO] [MainThread] [root/bar_manager.py:103]: Starting SystemEventListener...
2026-08-15 10:34:21,890 [INFO] [MainThread] [root/bar_manager.py:103]: Starting KomorebiEventListener...
2026-08-15 10:34:21,891 [INFO] [MainThread] [root/watcher.py:65]: Watching directory: c:\users\lowie\.config\yasb
2026-08-15 10:34:21,891 [INFO] [MainThread] [root/watcher.py:104]: Created file watcher
2026-08-15 10:34:22,042 [INFO] [Dummy-7] [root/event_listener.py:54]: Created named pipe yasb-1d3e0c9a-9884-11f1-90d1-9c67d6e32e56
2026-08-15 10:34:22,188 [WARNING] [Dummy-7] [root/event_listener.py:136]: Komorebi failed to subscribe named pipe. 'komorebic.exe' is not recognized as an internal or external command, operable program or batch file.
2026-08-15 10:34:27,672 [WARNING] [MainThread] [deprecation/deprecation.py:146]: [DEPRECATED] BarAlignment: 'center' - Use 'align' instead.
2026-08-15 10:34:27,672 [WARNING] [MainThread] [deprecation/deprecation.py:146]: [DEPRECATED] BarBlurEffect: 'acrylic' - No longer supported and can be removed from the config.
2026-08-15 10:34:27,675 [ERROR] [MainThread] [root/config.py:99]: The config file 'C:\Users\lowie\.config\yasb\config.yaml' contains validation errors. Please fix:
widgets:
  cpu_temp:
    str:
    - Input should be a valid string
    dict[str,any]:
    - Input should be a valid dictionary

2026-08-15 10:34:59,788 [WARNING] [MainThread] [deprecation/deprecation.py:146]: [DEPRECATED] BarAlignment: 'center' - Use 'align' instead.
2026-08-15 10:34:59,788 [WARNING] [MainThread] [deprecation/deprecation.py:146]: [DEPRECATED] BarBlurEffect: 'acrylic' - No longer supported and can be removed from the config.
2026-08-15 10:34:59,788 [INFO] [MainThread] [root/controller.py:21]: Reloading Application because of config change.
2026-08-15 10:34:59,893 [INFO] [MainThread] [cli_server/cli_server.py:114]: Log pipe server stopped
2026-08-15 10:34:59,914 [INFO] [MainThread] [root/bar_manager.py:93]: Successfully loaded updated config and re-initialised all bars.
2026-08-15 10:35:00,007 [INFO] [MainThread] [root/bar_manager.py:119]: Stopping SystemEventListener...
2026-08-15 10:35:00,043 [INFO] [MainThread] [root/bar_manager.py:119]: Stopping KomorebiEventListener...
2026-08-15 10:35:00,446 [INFO] [MainThread] [root/log.py:104]: YASB v2.0.6
2026-08-15 10:35:00,446 [INFO] [CLIPipeServer] [cli_server/cli_server.py:216]: CLI server started v1.1.7
2026-08-15 10:35:00,447 [INFO] [MainThread] [cli_server/cli_server.py:106]: Log pipe server started
2026-08-15 10:35:00,492 [WARNING] [MainThread] [deprecation/deprecation.py:146]: [DEPRECATED] BarAlignment: 'center' - Use 'align' instead.
2026-08-15 10:35:00,493 [WARNING] [MainThread] [deprecation/deprecation.py:146]: [DEPRECATED] BarBlurEffect: 'acrylic' - No longer supported and can be removed from the config.
2026-08-15 10:35:00,515 [WARNING] [MainThread] [deprecation/deprecation.py:146]: [DEPRECATED] HomeConfig: 'distance' - Use 'offset_top' instead.
2026-08-15 10:35:00,515 [WARNING] [MainThread] [deprecation/deprecation.py:146]: [DEPRECATED] HomeConfig: 'container_padding' - Use CSS padding instead.
2026-08-15 10:35:00,552 [WARNING] [MainThread] [deprecation/deprecation.py:146]: [DEPRECATED] KomorebiWorkspacesConfig: 'animation' - Use CSS animations instead.
2026-08-15 10:35:01,424 [WARNING] [MainThread] [deprecation/deprecation.py:146]: [DEPRECATED] CavaConfig: 'container_padding' - Use CSS padding instead.
2026-08-15 10:35:01,564 [WARNING] [MainThread] [deprecation/deprecation.py:150]: [DEPRECATED] VolumeConfig: 'volume_icons' renamed to 'icons' - Use 'icons' with the dictionary format instead.
2026-08-15 10:35:01,578 [INFO] [MainThread] [root/service.py:52]: AudioOutputService starting...
2026-08-15 10:35:01,658 [WARNING] [MainThread] [deprecation/deprecation.py:146]: [DEPRECATED] GroupLabelConfig: 'distance' - Use 'offset_top' instead.
2026-08-15 10:35:01,690 [WARNING] [MainThread] [deprecation/deprecation.py:146]: [DEPRECATED] GalleryConfig: 'lazy_load_delay' - No longer supported and can be removed from the config.
2026-08-15 10:35:01,691 [WARNING] [MainThread] [deprecation/deprecation.py:146]: [DEPRECATED] GalleryConfig: 'enable_cache' - No longer supported and can be removed from the config.
2026-08-15 10:35:01,807 [INFO] [MainThread] [root/bar_manager.py:103]: Starting KomorebiEventListener...
2026-08-15 10:35:01,808 [INFO] [MainThread] [root/bar_manager.py:103]: Starting SystemEventListener...
2026-08-15 10:35:01,809 [INFO] [MainThread] [root/watcher.py:65]: Watching directory: c:\users\lowie\.config\yasb
2026-08-15 10:35:01,810 [INFO] [MainThread] [root/watcher.py:104]: Created file watcher
2026-08-15 10:35:01,944 [INFO] [Dummy-7] [root/event_listener.py:54]: Created named pipe yasb-3508ff10-9884-11f1-9783-9c67d6e32e56
2026-08-15 10:35:02,076 [WARNING] [Dummy-7] [root/event_listener.py:136]: Komorebi failed to subscribe named pipe. 'komorebic.exe' is not recognized as an internal or external command, operable program or batch file.
2026-08-15 10:35:08,931 [WARNING] [MainThread] [deprecation/deprecation.py:146]: [DEPRECATED] BarAlignment: 'center' - Use 'align' instead.
2026-08-15 10:35:08,931 [WARNING] [MainThread] [deprecation/deprecation.py:146]: [DEPRECATED] BarBlurEffect: 'acrylic' - No longer supported and can be removed from the config.
2026-08-15 10:35:08,931 [INFO] [MainThread] [root/controller.py:21]: Reloading Application because of config change.
2026-08-15 10:35:09,040 [INFO] [MainThread] [cli_server/cli_server.py:114]: Log pipe server stopped
2026-08-15 10:35:09,061 [INFO] [MainThread] [root/bar_manager.py:93]: Successfully loaded updated config and re-initialised all bars.
2026-08-15 10:35:09,168 [INFO] [MainThread] [root/bar_manager.py:119]: Stopping KomorebiEventListener...
2026-08-15 10:35:09,177 [INFO] [MainThread] [root/bar_manager.py:119]: Stopping SystemEventListener...
2026-08-15 10:35:09,637 [INFO] [MainThread] [root/log.py:104]: YASB v2.0.6
2026-08-15 10:35:09,638 [INFO] [CLIPipeServer] [cli_server/cli_server.py:216]: CLI server started v1.1.7
2026-08-15 10:35:09,638 [INFO] [MainThread] [cli_server/cli_server.py:106]: Log pipe server started
2026-08-15 10:35:09,683 [WARNING] [MainThread] [deprecation/deprecation.py:146]: [DEPRECATED] BarAlignment: 'center' - Use 'align' instead.
2026-08-15 10:35:09,683 [WARNING] [MainThread] [deprecation/deprecation.py:146]: [DEPRECATED] BarBlurEffect: 'acrylic' - No longer supported and can be removed from the config.
2026-08-15 10:35:09,705 [WARNING] [MainThread] [deprecation/deprecation.py:146]: [DEPRECATED] HomeConfig: 'distance' - Use 'offset_top' instead.
2026-08-15 10:35:09,705 [WARNING] [MainThread] [deprecation/deprecation.py:146]: [DEPRECATED] HomeConfig: 'container_padding' - Use CSS padding instead.
2026-08-15 10:35:09,743 [WARNING] [MainThread] [deprecation/deprecation.py:146]: [DEPRECATED] KomorebiWorkspacesConfig: 'animation' - Use CSS animations instead.
2026-08-15 10:35:10,458 [WARNING] [MainThread] [deprecation/deprecation.py:146]: [DEPRECATED] CavaConfig: 'container_padding' - Use CSS padding instead.
2026-08-15 10:35:10,581 [WARNING] [MainThread] [deprecation/deprecation.py:150]: [DEPRECATED] VolumeConfig: 'volume_icons' renamed to 'icons' - Use 'icons' with the dictionary format instead.
2026-08-15 10:35:10,593 [INFO] [MainThread] [root/service.py:52]: AudioOutputService starting...
2026-08-15 10:35:10,677 [WARNING] [MainThread] [deprecation/deprecation.py:146]: [DEPRECATED] GroupLabelConfig: 'distance' - Use 'offset_top' instead.
2026-08-15 10:35:10,708 [WARNING] [MainThread] [deprecation/deprecation.py:146]: [DEPRECATED] GalleryConfig: 'lazy_load_delay' - No longer supported and can be removed from the config.
2026-08-15 10:35:10,709 [WARNING] [MainThread] [deprecation/deprecation.py:146]: [DEPRECATED] GalleryConfig: 'enable_cache' - No longer supported and can be removed from the config.
2026-08-15 10:35:10,823 [INFO] [MainThread] [root/bar_manager.py:103]: Starting SystemEventListener...
2026-08-15 10:35:10,823 [INFO] [MainThread] [root/bar_manager.py:103]: Starting KomorebiEventListener...
2026-08-15 10:35:10,824 [INFO] [MainThread] [root/watcher.py:65]: Watching directory: c:\users\lowie\.config\yasb
2026-08-15 10:35:10,824 [INFO] [MainThread] [root/watcher.py:104]: Created file watcher
2026-08-15 10:35:10,943 [INFO] [Dummy-7] [root/event_listener.py:54]: Created named pipe yasb-3a68acd5-9884-11f1-b1b4-9c67d6e32e56
2026-08-15 10:35:11,075 [WARNING] [Dummy-7] [root/event_listener.py:136]: Komorebi failed to subscribe named pipe. 'komorebic.exe' is not recognized as an internal or external command, operable program or batch file.
2026-08-15 10:35:14,522 [WARNING] [MainThread] [deprecation/deprecation.py:146]: [DEPRECATED] BarAlignment: 'center' - Use 'align' instead.
2026-08-15 10:35:14,522 [WARNING] [MainThread] [deprecation/deprecation.py:146]: [DEPRECATED] BarBlurEffect: 'acrylic' - No longer supported and can be removed from the config.
2026-08-15 10:35:14,523 [INFO] [MainThread] [root/controller.py:21]: Reloading Application because of config change.
2026-08-15 10:35:14,626 [INFO] [MainThread] [cli_server/cli_server.py:114]: Log pipe server stopped
2026-08-15 10:35:14,640 [INFO] [MainThread] [root/bar_manager.py:93]: Successfully loaded updated config and re-initialised all bars.
2026-08-15 10:35:14,728 [INFO] [MainThread] [root/bar_manager.py:119]: Stopping SystemEventListener...
2026-08-15 10:35:14,890 [INFO] [MainThread] [root/bar_manager.py:119]: Stopping KomorebiEventListener...
2026-08-15 10:35:15,201 [INFO] [MainThread] [root/log.py:104]: YASB v2.0.6
2026-08-15 10:35:15,201 [INFO] [CLIPipeServer] [cli_server/cli_server.py:216]: CLI server started v1.1.7
2026-08-15 10:35:15,202 [INFO] [MainThread] [cli_server/cli_server.py:106]: Log pipe server started
2026-08-15 10:35:15,250 [WARNING] [MainThread] [deprecation/deprecation.py:146]: [DEPRECATED] BarAlignment: 'center' - Use 'align' instead.
2026-08-15 10:35:15,251 [WARNING] [MainThread] [deprecation/deprecation.py:146]: [DEPRECATED] BarBlurEffect: 'acrylic' - No longer supported and can be removed from the config.
2026-08-15 10:35:15,273 [WARNING] [MainThread] [deprecation/deprecation.py:146]: [DEPRECATED] HomeConfig: 'distance' - Use 'offset_top' instead.
2026-08-15 10:35:15,274 [WARNING] [MainThread] [deprecation/deprecation.py:146]: [DEPRECATED] HomeConfig: 'container_padding' - Use CSS padding instead.
2026-08-15 10:35:15,311 [WARNING] [MainThread] [deprecation/deprecation.py:146]: [DEPRECATED] KomorebiWorkspacesConfig: 'animation' - Use CSS animations instead.
2026-08-15 10:35:16,114 [WARNING] [MainThread] [deprecation/deprecation.py:146]: [DEPRECATED] CavaConfig: 'container_padding' - Use CSS padding instead.
2026-08-15 10:35:16,274 [WARNING] [MainThread] [deprecation/deprecation.py:150]: [DEPRECATED] VolumeConfig: 'volume_icons' renamed to 'icons' - Use 'icons' with the dictionary format instead.
2026-08-15 10:35:16,286 [INFO] [MainThread] [root/service.py:52]: AudioOutputService starting...
2026-08-15 10:35:16,364 [WARNING] [MainThread] [deprecation/deprecation.py:146]: [DEPRECATED] GroupLabelConfig: 'distance' - Use 'offset_top' instead.
2026-08-15 10:35:16,394 [WARNING] [MainThread] [deprecation/deprecation.py:146]: [DEPRECATED] GalleryConfig: 'lazy_load_delay' - No longer supported and can be removed from the config.
2026-08-15 10:35:16,394 [WARNING] [MainThread] [deprecation/deprecation.py:146]: [DEPRECATED] GalleryConfig: 'enable_cache' - No longer supported and can be removed from the config.
2026-08-15 10:35:16,507 [INFO] [MainThread] [root/bar_manager.py:103]: Starting SystemEventListener...
2026-08-15 10:35:16,507 [INFO] [MainThread] [root/bar_manager.py:103]: Starting KomorebiEventListener...
2026-08-15 10:35:16,508 [INFO] [MainThread] [root/watcher.py:65]: Watching directory: c:\users\lowie\.config\yasb
2026-08-15 10:35:16,509 [INFO] [MainThread] [root/watcher.py:104]: Created file watcher
2026-08-15 10:35:16,647 [INFO] [Dummy-7] [root/event_listener.py:54]: Created named pipe yasb-3dcbf66b-9884-11f1-a2ef-9c67d6e32e56
2026-08-15 10:35:16,809 [WARNING] [Dummy-7] [root/event_listener.py:136]: Komorebi failed to subscribe named pipe. 'komorebic.exe' is not recognized as an internal or external command, operable program or batch file.
2026-08-15 10:35:20,761 [WARNING] [MainThread] [deprecation/deprecation.py:146]: [DEPRECATED] BarAlignment: 'center' - Use 'align' instead.
2026-08-15 10:35:20,761 [WARNING] [MainThread] [deprecation/deprecation.py:146]: [DEPRECATED] BarBlurEffect: 'acrylic' - No longer supported and can be removed from the config.
2026-08-15 10:35:20,762 [INFO] [MainThread] [root/controller.py:21]: Reloading Application because of config change.
2026-08-15 10:35:20,871 [INFO] [MainThread] [cli_server/cli_server.py:114]: Log pipe server stopped
2026-08-15 10:35:20,892 [INFO] [MainThread] [root/bar_manager.py:93]: Successfully loaded updated config and re-initialised all bars.
2026-08-15 10:35:20,990 [INFO] [MainThread] [root/bar_manager.py:119]: Stopping SystemEventListener...
2026-08-15 10:35:21,019 [INFO] [MainThread] [root/bar_manager.py:119]: Stopping KomorebiEventListener...
2026-08-15 10:35:21,446 [INFO] [MainThread] [root/log.py:104]: YASB v2.0.6
2026-08-15 10:35:21,447 [INFO] [CLIPipeServer] [cli_server/cli_server.py:216]: CLI server started v1.1.7
2026-08-15 10:35:21,447 [INFO] [MainThread] [cli_server/cli_server.py:106]: Log pipe server started
2026-08-15 10:35:21,492 [WARNING] [MainThread] [deprecation/deprecation.py:146]: [DEPRECATED] BarAlignment: 'center' - Use 'align' instead.
2026-08-15 10:35:21,492 [WARNING] [MainThread] [deprecation/deprecation.py:146]: [DEPRECATED] BarBlurEffect: 'acrylic' - No longer supported and can be removed from the config.
2026-08-15 10:35:21,515 [WARNING] [MainThread] [deprecation/deprecation.py:146]: [DEPRECATED] HomeConfig: 'distance' - Use 'offset_top' instead.
2026-08-15 10:35:21,515 [WARNING] [MainThread] [deprecation/deprecation.py:146]: [DEPRECATED] HomeConfig: 'container_padding' - Use CSS padding instead.
2026-08-15 10:35:21,566 [WARNING] [MainThread] [deprecation/deprecation.py:146]: [DEPRECATED] KomorebiWorkspacesConfig: 'animation' - Use CSS animations instead.
2026-08-15 10:35:22,454 [WARNING] [MainThread] [deprecation/deprecation.py:146]: [DEPRECATED] CavaConfig: 'container_padding' - Use CSS padding instead.
2026-08-15 10:35:22,610 [WARNING] [MainThread] [deprecation/deprecation.py:150]: [DEPRECATED] VolumeConfig: 'volume_icons' renamed to 'icons' - Use 'icons' with the dictionary format instead.
2026-08-15 10:35:22,624 [INFO] [MainThread] [root/service.py:52]: AudioOutputService starting...
2026-08-15 10:35:22,702 [WARNING] [MainThread] [deprecation/deprecation.py:146]: [DEPRECATED] GroupLabelConfig: 'distance' - Use 'offset_top' instead.
2026-08-15 10:35:22,734 [WARNING] [MainThread] [deprecation/deprecation.py:146]: [DEPRECATED] GalleryConfig: 'lazy_load_delay' - No longer supported and can be removed from the config.
2026-08-15 10:35:22,734 [WARNING] [MainThread] [deprecation/deprecation.py:146]: [DEPRECATED] GalleryConfig: 'enable_cache' - No longer supported and can be removed from the config.
2026-08-15 10:35:22,863 [INFO] [MainThread] [root/bar_manager.py:103]: Starting SystemEventListener...
2026-08-15 10:35:22,864 [INFO] [MainThread] [root/bar_manager.py:103]: Starting KomorebiEventListener...
2026-08-15 10:35:22,865 [INFO] [MainThread] [root/watcher.py:65]: Watching directory: c:\users\lowie\.config\yasb
2026-08-15 10:35:22,865 [INFO] [MainThread] [root/watcher.py:104]: Created file watcher
2026-08-15 10:35:23,001 [INFO] [Dummy-7] [root/event_listener.py:54]: Created named pipe yasb-4195e893-9884-11f1-b1a5-9c67d6e32e56
2026-08-15 10:35:23,119 [WARNING] [Dummy-7] [root/event_listener.py:136]: Komorebi failed to subscribe named pipe. 'komorebic.exe' is not recognized as an internal or external command, operable program or batch file.
2026-08-15 10:36:12,986 [WARNING] [MainThread] [deprecation/deprecation.py:146]: [DEPRECATED] BarAlignment: 'center' - Use 'align' instead.
2026-08-15 10:36:12,987 [WARNING] [MainThread] [deprecation/deprecation.py:146]: [DEPRECATED] BarBlurEffect: 'acrylic' - No longer supported and can be removed from the config.
2026-08-15 10:36:12,987 [INFO] [MainThread] [root/controller.py:21]: Reloading Application because of config change.
2026-08-15 10:36:13,097 [INFO] [MainThread] [cli_server/cli_server.py:114]: Log pipe server stopped
2026-08-15 10:36:13,119 [INFO] [MainThread] [root/bar_manager.py:93]: Successfully loaded updated config and re-initialised all bars.
2026-08-15 10:36:13,231 [INFO] [MainThread] [root/bar_manager.py:119]: Stopping SystemEventListener...
2026-08-15 10:36:13,265 [INFO] [MainThread] [root/bar_manager.py:119]: Stopping KomorebiEventListener...
2026-08-15 10:36:13,665 [INFO] [MainThread] [root/log.py:104]: YASB v2.0.6
2026-08-15 10:36:13,666 [INFO] [CLIPipeServer] [cli_server/cli_server.py:216]: CLI server started v1.1.7
2026-08-15 10:36:13,666 [INFO] [MainThread] [cli_server/cli_server.py:106]: Log pipe server started
2026-08-15 10:36:13,710 [WARNING] [MainThread] [deprecation/deprecation.py:146]: [DEPRECATED] BarAlignment: 'center' - Use 'align' instead.
2026-08-15 10:36:13,710 [WARNING] [MainThread] [deprecation/deprecation.py:146]: [DEPRECATED] BarBlurEffect: 'acrylic' - No longer supported and can be removed from the config.
2026-08-15 10:36:13,732 [WARNING] [MainThread] [deprecation/deprecation.py:146]: [DEPRECATED] HomeConfig: 'distance' - Use 'offset_top' instead.
2026-08-15 10:36:13,733 [WARNING] [MainThread] [deprecation/deprecation.py:146]: [DEPRECATED] HomeConfig: 'container_padding' - Use CSS padding instead.
2026-08-15 10:36:13,772 [WARNING] [MainThread] [deprecation/deprecation.py:146]: [DEPRECATED] KomorebiWorkspacesConfig: 'animation' - Use CSS animations instead.
2026-08-15 10:36:14,519 [WARNING] [MainThread] [deprecation/deprecation.py:146]: [DEPRECATED] CavaConfig: 'container_padding' - Use CSS padding instead.
2026-08-15 10:36:14,655 [WARNING] [MainThread] [deprecation/deprecation.py:150]: [DEPRECATED] VolumeConfig: 'volume_icons' renamed to 'icons' - Use 'icons' with the dictionary format instead.
2026-08-15 10:36:14,668 [INFO] [MainThread] [root/service.py:52]: AudioOutputService starting...
2026-08-15 10:36:14,749 [WARNING] [MainThread] [deprecation/deprecation.py:146]: [DEPRECATED] GroupLabelConfig: 'distance' - Use 'offset_top' instead.
2026-08-15 10:36:14,780 [WARNING] [MainThread] [deprecation/deprecation.py:146]: [DEPRECATED] GalleryConfig: 'lazy_load_delay' - No longer supported and can be removed from the config.
2026-08-15 10:36:14,780 [WARNING] [MainThread] [deprecation/deprecation.py:146]: [DEPRECATED] GalleryConfig: 'enable_cache' - No longer supported and can be removed from the config.
2026-08-15 10:36:14,902 [INFO] [MainThread] [root/bar_manager.py:103]: Starting SystemEventListener...
2026-08-15 10:36:14,903 [INFO] [MainThread] [root/bar_manager.py:103]: Starting KomorebiEventListener...
2026-08-15 10:36:14,904 [INFO] [MainThread] [root/watcher.py:65]: Watching directory: c:\users\lowie\.config\yasb
2026-08-15 10:36:14,904 [INFO] [MainThread] [root/watcher.py:104]: Created file watcher
2026-08-15 10:36:15,078 [INFO] [Dummy-7] [root/event_listener.py:54]: Created named pipe yasb-609a6438-9884-11f1-b221-9c67d6e32e56
2026-08-15 10:36:15,203 [WARNING] [Dummy-7] [root/event_listener.py:136]: Komorebi failed to subscribe named pipe. 'komorebic.exe' is not recognized as an internal or external command, operable program or batch file.
2026-08-15 10:36:16,345 [ERROR] [MainThread] [root/config.py:113]: The file 'C:\Users\lowie\.config\yasb\config.yaml' contains Parser Error(s). Please fix:
while parsing a flow sequence
  in "C:\Users\lowie\.config\yasb\config.yaml", line 44, column 9
expected ',' or ']', but got '<scalar>'
  in "C:\Users\lowie\.config\yasb\config.yaml", line 50, column 11
2026-08-15 10:36:19,525 [ERROR] [MainThread] [root/config.py:113]: The file 'C:\Users\lowie\.config\yasb\config.yaml' contains Parser Error(s). Please fix:
while parsing a flow sequence
  in "C:\Users\lowie\.config\yasb\config.yaml", line 44, column 9
expected ',' or ']', but got '<scalar>'
  in "C:\Users\lowie\.config\yasb\config.yaml", line 50, column 11
2026-08-15 10:36:29,852 [WARNING] [MainThread] [deprecation/deprecation.py:146]: [DEPRECATED] BarAlignment: 'center' - Use 'align' instead.
2026-08-15 10:36:29,853 [WARNING] [MainThread] [deprecation/deprecation.py:146]: [DEPRECATED] BarBlurEffect: 'acrylic' - No longer supported and can be removed from the config.
2026-08-15 10:36:29,853 [INFO] [MainThread] [root/controller.py:21]: Reloading Application because of config change.
2026-08-15 10:36:29,956 [INFO] [MainThread] [cli_server/cli_server.py:114]: Log pipe server stopped
2026-08-15 10:36:29,980 [INFO] [MainThread] [root/bar_manager.py:93]: Successfully loaded updated config and re-initialised all bars.
2026-08-15 10:36:30,107 [INFO] [MainThread] [root/bar_manager.py:119]: Stopping SystemEventListener...
2026-08-15 10:36:30,139 [INFO] [MainThread] [root/bar_manager.py:119]: Stopping KomorebiEventListener...
2026-08-15 10:36:30,545 [INFO] [MainThread] [root/log.py:104]: YASB v2.0.6
2026-08-15 10:36:30,546 [INFO] [CLIPipeServer] [cli_server/cli_server.py:216]: CLI server started v1.1.7
2026-08-15 10:36:30,546 [INFO] [MainThread] [cli_server/cli_server.py:106]: Log pipe server started
2026-08-15 10:36:30,590 [WARNING] [MainThread] [deprecation/deprecation.py:146]: [DEPRECATED] BarAlignment: 'center' - Use 'align' instead.
2026-08-15 10:36:30,591 [WARNING] [MainThread] [deprecation/deprecation.py:146]: [DEPRECATED] BarBlurEffect: 'acrylic' - No longer supported and can be removed from the config.
2026-08-15 10:36:30,613 [WARNING] [MainThread] [deprecation/deprecation.py:146]: [DEPRECATED] HomeConfig: 'distance' - Use 'offset_top' instead.
2026-08-15 10:36:30,613 [WARNING] [MainThread] [deprecation/deprecation.py:146]: [DEPRECATED] HomeConfig: 'container_padding' - Use CSS padding instead.
2026-08-15 10:36:30,649 [WARNING] [MainThread] [deprecation/deprecation.py:146]: [DEPRECATED] KomorebiWorkspacesConfig: 'animation' - Use CSS animations instead.
2026-08-15 10:36:31,430 [WARNING] [MainThread] [deprecation/deprecation.py:146]: [DEPRECATED] CavaConfig: 'container_padding' - Use CSS padding instead.
2026-08-15 10:36:31,562 [WARNING] [MainThread] [deprecation/deprecation.py:150]: [DEPRECATED] VolumeConfig: 'volume_icons' renamed to 'icons' - Use 'icons' with the dictionary format instead.
2026-08-15 10:36:31,574 [INFO] [MainThread] [root/service.py:52]: AudioOutputService starting...
2026-08-15 10:36:31,746 [WARNING] [MainThread] [deprecation/deprecation.py:146]: [DEPRECATED] GroupLabelConfig: 'distance' - Use 'offset_top' instead.
2026-08-15 10:36:31,775 [WARNING] [MainThread] [deprecation/deprecation.py:146]: [DEPRECATED] GalleryConfig: 'lazy_load_delay' - No longer supported and can be removed from the config.
2026-08-15 10:36:31,775 [WARNING] [MainThread] [deprecation/deprecation.py:146]: [DEPRECATED] GalleryConfig: 'enable_cache' - No longer supported and can be removed from the config.
2026-08-15 10:36:31,910 [INFO] [MainThread] [root/bar_manager.py:103]: Starting SystemEventListener...
2026-08-15 10:36:31,910 [INFO] [MainThread] [root/bar_manager.py:103]: Starting KomorebiEventListener...
2026-08-15 10:36:31,911 [INFO] [MainThread] [root/watcher.py:65]: Watching directory: c:\users\lowie\.config\yasb
2026-08-15 10:36:31,911 [INFO] [MainThread] [root/watcher.py:104]: Created file watcher
2026-08-15 10:36:32,029 [INFO] [Dummy-7] [root/event_listener.py:54]: Created named pipe yasb-6abd9284-9884-11f1-b027-9c67d6e32e56
2026-08-15 10:36:32,155 [WARNING] [Dummy-7] [root/event_listener.py:136]: Komorebi failed to subscribe named pipe. 'komorebic.exe' is not recognized as an internal or external command, operable program or batch file.
2026-08-15 10:38:10,809 [WARNING] [MainThread] [deprecation/deprecation.py:146]: [DEPRECATED] BarAlignment: 'center' - Use 'align' instead.
2026-08-15 10:38:10,809 [WARNING] [MainThread] [deprecation/deprecation.py:146]: [DEPRECATED] BarBlurEffect: 'acrylic' - No longer supported and can be removed from the config.
2026-08-15 10:38:10,812 [ERROR] [MainThread] [root/config.py:99]: The config file 'C:\Users\lowie\.config\yasb\config.yaml' contains validation errors. Please fix:
gpu_temp:
- Extra inputs are not permitted

2026-08-15 10:38:15,769 [WARNING] [MainThread] [deprecation/deprecation.py:146]: [DEPRECATED] BarAlignment: 'center' - Use 'align' instead.
2026-08-15 10:38:15,770 [WARNING] [MainThread] [deprecation/deprecation.py:146]: [DEPRECATED] BarBlurEffect: 'acrylic' - No longer supported and can be removed from the config.
2026-08-15 10:38:15,770 [ERROR] [MainThread] [root/config.py:99]: The config file 'C:\Users\lowie\.config\yasb\config.yaml' contains validation errors. Please fix:
gpu_temp:
- Extra inputs are not permitted

2026-08-15 10:38:24,714 [WARNING] [MainThread] [deprecation/deprecation.py:146]: [DEPRECATED] BarAlignment: 'center' - Use 'align' instead.
2026-08-15 10:38:24,714 [WARNING] [MainThread] [deprecation/deprecation.py:146]: [DEPRECATED] BarBlurEffect: 'acrylic' - No longer supported and can be removed from the config.
2026-08-15 10:38:24,715 [ERROR] [MainThread] [root/config.py:99]: The config file 'C:\Users\lowie\.config\yasb\config.yaml' contains validation errors. Please fix:
gpu_temp:
- Extra inputs are not permitted

2026-08-15 10:38:37,530 [WARNING] [MainThread] [deprecation/deprecation.py:146]: [DEPRECATED] BarAlignment: 'center' - Use 'align' instead.
2026-08-15 10:38:37,530 [WARNING] [MainThread] [deprecation/deprecation.py:146]: [DEPRECATED] BarBlurEffect: 'acrylic' - No longer supported and can be removed from the config.
2026-08-15 10:38:37,530 [ERROR] [MainThread] [root/config.py:99]: The config file 'C:\Users\lowie\.config\yasb\config.yaml' contains validation errors. Please fix:
gpu:
- Extra inputs are not permitted

2026-08-15 10:38:55,260 [ERROR] [MainThread] [root/bar_manager.py:80]: Error loading config: while scanning a block scalar
  in "C:\Users\lowie\.config\yasb\config.yaml", line 204, column 17
expected a comment or a line break, but found '{'
  in "C:\Users\lowie\.config\yasb\config.yaml", line 204, column 19
2026-08-15 10:39:00,240 [WARNING] [MainThread] [deprecation/deprecation.py:146]: [DEPRECATED] BarAlignment: 'center' - Use 'align' instead.
2026-08-15 10:39:00,240 [WARNING] [MainThread] [deprecation/deprecation.py:146]: [DEPRECATED] BarBlurEffect: 'acrylic' - No longer supported and can be removed from the config.
2026-08-15 10:39:00,241 [ERROR] [MainThread] [root/config.py:99]: The config file 'C:\Users\lowie\.config\yasb\config.yaml' contains validation errors. Please fix:
gpu:
- Extra inputs are not permitted

2026-08-15 10:39:05,213 [ERROR] [MainThread] [root/config.py:113]: The file 'C:\Users\lowie\.config\yasb\config.yaml' contains Parser Error(s). Please fix:
while parsing a block mapping
  in "C:\Users\lowie\.config\yasb\config.yaml", line 203, column 5
expected <block end>, but found '<scalar>'
  in "C:\Users\lowie\.config\yasb\config.yaml", line 212, column 12
2026-08-15 10:39:11,422 [ERROR] [MainThread] [root/config.py:113]: The file 'C:\Users\lowie\.config\yasb\config.yaml' contains Parser Error(s). Please fix:
while parsing a block mapping
  in "C:\Users\lowie\.config\yasb\config.yaml", line 203, column 5
expected <block end>, but found '<scalar>'
  in "C:\Users\lowie\.config\yasb\config.yaml", line 203, column 54
2026-08-15 10:39:51,581 [ERROR] [MainThread] [root/config.py:113]: The file 'C:\Users\lowie\.config\yasb\config.yaml' contains Parser Error(s). Please fix:
while parsing a block mapping
  in "C:\Users\lowie\.config\yasb\config.yaml", line 203, column 5
expected <block end>, but found '<scalar>'
  in "C:\Users\lowie\.config\yasb\config.yaml", line 203, column 54
2026-08-15 10:39:54,008 [ERROR] [MainThread] [root/config.py:113]: The file 'C:\Users\lowie\.config\yasb\config.yaml' contains Parser Error(s). Please fix:
while parsing a block mapping
  in "C:\Users\lowie\.config\yasb\config.yaml", line 201, column 5
expected <block end>, but found '<scalar>'
  in "C:\Users\lowie\.config\yasb\config.yaml", line 203, column 54
2026-08-15 10:39:55,490 [ERROR] [MainThread] [root/config.py:113]: The file 'C:\Users\lowie\.config\yasb\config.yaml' contains Parser Error(s). Please fix:
while parsing a block mapping
  in "C:\Users\lowie\.config\yasb\config.yaml", line 203, column 7
expected <block end>, but found '<scalar>'
  in "C:\Users\lowie\.config\yasb\config.yaml", line 203, column 56
2026-08-15 10:39:56,587 [ERROR] [MainThread] [root/config.py:113]: The file 'C:\Users\lowie\.config\yasb\config.yaml' contains Parser Error(s). Please fix:
while parsing a block mapping
  in "C:\Users\lowie\.config\yasb\config.yaml", line 203, column 7
expected <block end>, but found '<scalar>'
  in "C:\Users\lowie\.config\yasb\config.yaml", line 203, column 56
2026-08-15 10:39:58,587 [ERROR] [MainThread] [root/config.py:113]: The file 'C:\Users\lowie\.config\yasb\config.yaml' contains Parser Error(s). Please fix:
while parsing a block mapping
  in "C:\Users\lowie\.config\yasb\config.yaml", line 203, column 7
expected <block end>, but found '<scalar>'
  in "C:\Users\lowie\.config\yasb\config.yaml", line 203, column 56
2026-08-15 10:39:59,783 [ERROR] [MainThread] [root/config.py:113]: The file 'C:\Users\lowie\.config\yasb\config.yaml' contains Parser Error(s). Please fix:
while parsing a block mapping
  in "C:\Users\lowie\.config\yasb\config.yaml", line 203, column 7
expected <block end>, but found '<scalar>'
  in "C:\Users\lowie\.config\yasb\config.yaml", line 203, column 56
2026-08-15 10:40:00,860 [ERROR] [MainThread] [root/config.py:113]: The file 'C:\Users\lowie\.config\yasb\config.yaml' contains Parser Error(s). Please fix:
while parsing a block mapping
  in "C:\Users\lowie\.config\yasb\config.yaml", line 203, column 7
expected <block end>, but found '<scalar>'
  in "C:\Users\lowie\.config\yasb\config.yaml", line 203, column 56
2026-08-15 10:40:03,629 [ERROR] [MainThread] [root/config.py:113]: The file 'C:\Users\lowie\.config\yasb\config.yaml' contains Parser Error(s). Please fix:
while parsing a block mapping
  in "C:\Users\lowie\.config\yasb\config.yaml", line 203, column 7
expected <block end>, but found '<scalar>'
  in "C:\Users\lowie\.config\yasb\config.yaml", line 203, column 56
2026-08-15 10:40:20,121 [ERROR] [MainThread] [root/config.py:113]: The file 'C:\Users\lowie\.config\yasb\config.yaml' contains Parser Error(s). Please fix:
while parsing a flow sequence
  in "C:\Users\lowie\.config\yasb\config.yaml", line 44, column 9
expected ',' or ']', but got '<scalar>'
  in "C:\Users\lowie\.config\yasb\config.yaml", line 51, column 11
2026-08-15 10:40:22,252 [ERROR] [MainThread] [root/config.py:113]: The file 'C:\Users\lowie\.config\yasb\config.yaml' contains Parser Error(s). Please fix:
while parsing a block mapping
  in "C:\Users\lowie\.config\yasb\config.yaml", line 204, column 7
expected <block end>, but found '<scalar>'
  in "C:\Users\lowie\.config\yasb\config.yaml", line 204, column 56
2026-08-15 10:40:39,061 [ERROR] [MainThread] [root/config.py:113]: The file 'C:\Users\lowie\.config\yasb\config.yaml' contains Parser Error(s). Please fix:
while parsing a flow sequence
  in "C:\Users\lowie\.config\yasb\config.yaml", line 44, column 9
expected ',' or ']', but got '<scalar>'
  in "C:\Users\lowie\.config\yasb\config.yaml", line 50, column 11
2026-08-15 10:40:55,856 [ERROR] [MainThread] [root/config.py:113]: The file 'C:\Users\lowie\.config\yasb\config.yaml' contains Parser Error(s). Please fix:
while parsing a flow sequence
  in "C:\Users\lowie\.config\yasb\config.yaml", line 44, column 9
expected ',' or ']', but got '<scalar>'
  in "C:\Users\lowie\.config\yasb\config.yaml", line 50, column 11
2026-08-15 10:54:23,004 [INFO] [MainThread] [root/controller.py:21]: Reloading Bar from context menu...
2026-08-15 10:54:23,110 [INFO] [MainThread] [cli_server/cli_server.py:114]: Log pipe server stopped
2026-08-15 10:54:23,284 [INFO] [MainThread] [root/bar_manager.py:119]: Stopping SystemEventListener...
2026-08-15 10:54:23,321 [INFO] [MainThread] [root/bar_manager.py:119]: Stopping KomorebiEventListener...
2026-08-15 10:54:23,685 [INFO] [MainThread] [root/log.py:104]: YASB v2.0.6
2026-08-15 10:54:23,686 [INFO] [CLIPipeServer] [cli_server/cli_server.py:216]: CLI server started v1.1.7
2026-08-15 10:54:23,686 [INFO] [MainThread] [cli_server/cli_server.py:106]: Log pipe server started
2026-08-15 10:54:23,719 [ERROR] [MainThread] [root/config.py:113]: The file 'C:\Users\lowie\.config\yasb\config.yaml' contains Parser Error(s). Please fix:
while parsing a flow sequence
  in "C:\Users\lowie\.config\yasb\config.yaml", line 44, column 9
expected ',' or ']', but got '<scalar>'
  in "C:\Users\lowie\.config\yasb\config.yaml", line 50, column 11
2026-08-15 10:54:23,720 [ERROR] [MainThread] [root/config.py:158]: User config file could not be loaded. Exiting Application.
2026-08-15 10:54:38,264 [INFO] [MainThread] [root/log.py:104]: YASB v2.0.6
2026-08-15 10:54:38,264 [INFO] [CLIPipeServer] [cli_server/cli_server.py:216]: CLI server started v1.1.7
2026-08-15 10:54:38,265 [INFO] [MainThread] [cli_server/cli_server.py:106]: Log pipe server started
2026-08-15 10:54:38,295 [ERROR] [MainThread] [root/config.py:113]: The file 'C:\Users\lowie\.config\yasb\config.yaml' contains Parser Error(s). Please fix:
while parsing a flow sequence
  in "C:\Users\lowie\.config\yasb\config.yaml", line 44, column 9
expected ',' or ']', but got '<scalar>'
  in "C:\Users\lowie\.config\yasb\config.yaml", line 50, column 11
2026-08-15 10:54:38,296 [ERROR] [MainThread] [root/config.py:158]: User config file could not be loaded. Exiting Application.
2026-08-15 10:55:24,418 [INFO] [MainThread] [root/log.py:104]: YASB v2.0.6
2026-08-15 10:55:24,419 [INFO] [CLIPipeServer] [cli_server/cli_server.py:216]: CLI server started v1.1.7
2026-08-15 10:55:24,419 [INFO] [MainThread] [cli_server/cli_server.py:106]: Log pipe server started
2026-08-15 10:55:24,459 [ERROR] [MainThread] [root/config.py:113]: The file 'C:\Users\lowie\.config\yasb\config.yaml' contains Parser Error(s). Please fix:
while parsing a flow sequence
  in "C:\Users\lowie\.config\yasb\config.yaml", line 44, column 9
expected ',' or ']', but got '<scalar>'
  in "C:\Users\lowie\.config\yasb\config.yaml", line 50, column 11
2026-08-15 10:55:24,460 [ERROR] [MainThread] [root/config.py:158]: User config file could not be loaded. Exiting Application.
2026-08-15 10:58:11,653 [INFO] [MainThread] [root/log.py:104]: YASB v2.0.6
2026-08-15 10:58:11,653 [INFO] [CLIPipeServer] [cli_server/cli_server.py:216]: CLI server started v1.1.7
2026-08-15 10:58:11,654 [INFO] [MainThread] [cli_server/cli_server.py:106]: Log pipe server started
2026-08-15 10:58:11,702 [WARNING] [MainThread] [deprecation/deprecation.py:146]: [DEPRECATED] BarAlignment: 'center' - Use 'align' instead.
2026-08-15 10:58:11,702 [WARNING] [MainThread] [deprecation/deprecation.py:146]: [DEPRECATED] BarBlurEffect: 'acrylic' - No longer supported and can be removed from the config.
2026-08-15 10:58:11,724 [WARNING] [MainThread] [deprecation/deprecation.py:146]: [DEPRECATED] HomeConfig: 'distance' - Use 'offset_top' instead.
2026-08-15 10:58:11,724 [WARNING] [MainThread] [deprecation/deprecation.py:146]: [DEPRECATED] HomeConfig: 'container_padding' - Use CSS padding instead.
2026-08-15 10:58:11,761 [WARNING] [MainThread] [deprecation/deprecation.py:146]: [DEPRECATED] KomorebiWorkspacesConfig: 'animation' - Use CSS animations instead.
2026-08-15 10:58:12,110 [WARNING] [MainThread] [deprecation/deprecation.py:146]: [DEPRECATED] CavaConfig: 'container_padding' - Use CSS padding instead.
2026-08-15 10:58:12,237 [WARNING] [MainThread] [deprecation/deprecation.py:150]: [DEPRECATED] VolumeConfig: 'volume_icons' renamed to 'icons' - Use 'icons' with the dictionary format instead.
2026-08-15 10:58:12,250 [INFO] [MainThread] [root/service.py:52]: AudioOutputService starting...
2026-08-15 10:58:12,353 [WARNING] [MainThread] [deprecation/deprecation.py:146]: [DEPRECATED] GroupLabelConfig: 'distance' - Use 'offset_top' instead.
2026-08-15 10:58:12,382 [WARNING] [MainThread] [deprecation/deprecation.py:146]: [DEPRECATED] GalleryConfig: 'lazy_load_delay' - No longer supported and can be removed from the config.
2026-08-15 10:58:12,382 [WARNING] [MainThread] [deprecation/deprecation.py:146]: [DEPRECATED] GalleryConfig: 'enable_cache' - No longer supported and can be removed from the config.
2026-08-15 10:58:12,530 [INFO] [MainThread] [root/bar_manager.py:103]: Starting SystemEventListener...
2026-08-15 10:58:12,531 [INFO] [MainThread] [root/bar_manager.py:103]: Starting KomorebiEventListener...
2026-08-15 10:58:12,534 [INFO] [MainThread] [root/watcher.py:65]: Watching directory: c:\users\lowie\.config\yasb
2026-08-15 10:58:12,534 [INFO] [MainThread] [root/watcher.py:104]: Created file watcher
2026-08-15 10:58:12,711 [INFO] [Dummy-7] [root/event_listener.py:54]: Created named pipe yasb-71f8b364-9887-11f1-8219-9c67d6e32e56
2026-08-15 10:58:12,823 [WARNING] [Dummy-7] [root/event_listener.py:136]: Komorebi failed to subscribe named pipe. 'komorebic.exe' is not recognized as an internal or external command, operable program or batch file.
2026-08-15 10:58:43,797 [WARNING] [MainThread] [deprecation/deprecation.py:146]: [DEPRECATED] BarAlignment: 'center' - Use 'align' instead.
2026-08-15 10:58:43,797 [WARNING] [MainThread] [deprecation/deprecation.py:146]: [DEPRECATED] BarBlurEffect: 'acrylic' - No longer supported and can be removed from the config.
2026-08-15 10:58:43,798 [INFO] [MainThread] [root/controller.py:21]: Reloading Application because of config change.
2026-08-15 10:58:43,906 [INFO] [MainThread] [cli_server/cli_server.py:114]: Log pipe server stopped
2026-08-15 10:58:43,919 [INFO] [MainThread] [root/bar_manager.py:93]: Successfully loaded updated config and re-initialised all bars.
2026-08-15 10:58:44,051 [INFO] [MainThread] [root/bar_manager.py:119]: Stopping SystemEventListener...
2026-08-15 10:58:44,088 [INFO] [MainThread] [root/bar_manager.py:119]: Stopping KomorebiEventListener...
2026-08-15 10:58:44,460 [INFO] [MainThread] [root/log.py:104]: YASB v2.0.6
2026-08-15 10:58:44,461 [INFO] [CLIPipeServer] [cli_server/cli_server.py:216]: CLI server started v1.1.7
2026-08-15 10:58:44,461 [INFO] [MainThread] [cli_server/cli_server.py:106]: Log pipe server started
2026-08-15 10:58:44,513 [WARNING] [MainThread] [deprecation/deprecation.py:146]: [DEPRECATED] BarAlignment: 'center' - Use 'align' instead.
2026-08-15 10:58:44,513 [WARNING] [MainThread] [deprecation/deprecation.py:146]: [DEPRECATED] BarBlurEffect: 'acrylic' - No longer supported and can be removed from the config.
2026-08-15 10:58:44,536 [WARNING] [MainThread] [deprecation/deprecation.py:146]: [DEPRECATED] HomeConfig: 'distance' - Use 'offset_top' instead.
2026-08-15 10:58:44,536 [WARNING] [MainThread] [deprecation/deprecation.py:146]: [DEPRECATED] HomeConfig: 'container_padding' - Use CSS padding instead.
2026-08-15 10:58:44,575 [WARNING] [MainThread] [deprecation/deprecation.py:146]: [DEPRECATED] KomorebiWorkspacesConfig: 'animation' - Use CSS animations instead.
2026-08-15 10:58:45,333 [WARNING] [MainThread] [deprecation/deprecation.py:146]: [DEPRECATED] CavaConfig: 'container_padding' - Use CSS padding instead.
2026-08-15 10:58:45,461 [WARNING] [MainThread] [deprecation/deprecation.py:150]: [DEPRECATED] VolumeConfig: 'volume_icons' renamed to 'icons' - Use 'icons' with the dictionary format instead.
2026-08-15 10:58:45,473 [INFO] [MainThread] [root/service.py:52]: AudioOutputService starting...
2026-08-15 10:58:45,574 [WARNING] [MainThread] [deprecation/deprecation.py:146]: [DEPRECATED] GroupLabelConfig: 'distance' - Use 'offset_top' instead.
2026-08-15 10:58:45,603 [WARNING] [MainThread] [deprecation/deprecation.py:146]: [DEPRECATED] GalleryConfig: 'lazy_load_delay' - No longer supported and can be removed from the config.
2026-08-15 10:58:45,603 [WARNING] [MainThread] [deprecation/deprecation.py:146]: [DEPRECATED] GalleryConfig: 'enable_cache' - No longer supported and can be removed from the config.
2026-08-15 10:58:45,727 [INFO] [MainThread] [root/bar_manager.py:103]: Starting KomorebiEventListener...
2026-08-15 10:58:45,727 [INFO] [MainThread] [root/bar_manager.py:103]: Starting SystemEventListener...
2026-08-15 10:58:45,728 [INFO] [MainThread] [root/watcher.py:65]: Watching directory: c:\users\lowie\.config\yasb
2026-08-15 10:58:45,729 [INFO] [MainThread] [root/watcher.py:104]: Created file watcher
2026-08-15 10:58:45,900 [INFO] [Dummy-7] [root/event_listener.py:54]: Created named pipe yasb-85c1d554-9887-11f1-a888-9c67d6e32e56
2026-08-15 10:58:46,049 [WARNING] [Dummy-7] [root/event_listener.py:136]: Komorebi failed to subscribe named pipe. 'komorebic.exe' is not recognized as an internal or external command, operable program or batch file.
2026-08-15 10:58:50,677 [WARNING] [MainThread] [deprecation/deprecation.py:146]: [DEPRECATED] BarAlignment: 'center' - Use 'align' instead.
2026-08-15 10:58:50,677 [WARNING] [MainThread] [deprecation/deprecation.py:146]: [DEPRECATED] BarBlurEffect: 'acrylic' - No longer supported and can be removed from the config.
2026-08-15 10:58:50,677 [INFO] [MainThread] [root/controller.py:21]: Reloading Application because of config change.
2026-08-15 10:58:50,783 [INFO] [MainThread] [cli_server/cli_server.py:114]: Log pipe server stopped
2026-08-15 10:58:50,801 [INFO] [MainThread] [root/bar_manager.py:93]: Successfully loaded updated config and re-initialised all bars.
2026-08-15 10:58:50,902 [INFO] [MainThread] [root/bar_manager.py:119]: Stopping KomorebiEventListener...
2026-08-15 10:58:50,917 [INFO] [MainThread] [root/bar_manager.py:119]: Stopping SystemEventListener...
2026-08-15 10:58:51,361 [INFO] [MainThread] [root/log.py:104]: YASB v2.0.6
2026-08-15 10:58:51,361 [INFO] [CLIPipeServer] [cli_server/cli_server.py:216]: CLI server started v1.1.7
2026-08-15 10:58:51,362 [INFO] [MainThread] [cli_server/cli_server.py:106]: Log pipe server started
2026-08-15 10:58:51,412 [WARNING] [MainThread] [deprecation/deprecation.py:146]: [DEPRECATED] BarAlignment: 'center' - Use 'align' instead.
2026-08-15 10:58:51,412 [WARNING] [MainThread] [deprecation/deprecation.py:146]: [DEPRECATED] BarBlurEffect: 'acrylic' - No longer supported and can be removed from the config.
2026-08-15 10:58:51,435 [WARNING] [MainThread] [deprecation/deprecation.py:146]: [DEPRECATED] HomeConfig: 'distance' - Use 'offset_top' instead.
2026-08-15 10:58:51,435 [WARNING] [MainThread] [deprecation/deprecation.py:146]: [DEPRECATED] HomeConfig: 'container_padding' - Use CSS padding instead.
2026-08-15 10:58:51,479 [WARNING] [MainThread] [deprecation/deprecation.py:146]: [DEPRECATED] KomorebiWorkspacesConfig: 'animation' - Use CSS animations instead.
2026-08-15 10:58:52,225 [WARNING] [MainThread] [deprecation/deprecation.py:146]: [DEPRECATED] CavaConfig: 'container_padding' - Use CSS padding instead.
2026-08-15 10:58:52,387 [WARNING] [MainThread] [deprecation/deprecation.py:150]: [DEPRECATED] VolumeConfig: 'volume_icons' renamed to 'icons' - Use 'icons' with the dictionary format instead.
2026-08-15 10:58:52,399 [INFO] [MainThread] [root/service.py:52]: AudioOutputService starting...
2026-08-15 10:58:52,500 [WARNING] [MainThread] [deprecation/deprecation.py:146]: [DEPRECATED] GroupLabelConfig: 'distance' - Use 'offset_top' instead.
2026-08-15 10:58:52,527 [WARNING] [MainThread] [deprecation/deprecation.py:146]: [DEPRECATED] GalleryConfig: 'lazy_load_delay' - No longer supported and can be removed from the config.
2026-08-15 10:58:52,528 [WARNING] [MainThread] [deprecation/deprecation.py:146]: [DEPRECATED] GalleryConfig: 'enable_cache' - No longer supported and can be removed from the config.
2026-08-15 10:58:52,658 [INFO] [MainThread] [root/bar_manager.py:103]: Starting SystemEventListener...
2026-08-15 10:58:52,659 [INFO] [MainThread] [root/bar_manager.py:103]: Starting KomorebiEventListener...
2026-08-15 10:58:52,661 [INFO] [MainThread] [root/watcher.py:65]: Watching directory: c:\users\lowie\.config\yasb
2026-08-15 10:58:52,661 [INFO] [MainThread] [root/watcher.py:104]: Created file watcher
2026-08-15 10:58:52,846 [INFO] [Dummy-7] [root/event_listener.py:54]: Created named pipe yasb-89e39c79-9887-11f1-814f-9c67d6e32e56
2026-08-15 10:58:52,990 [WARNING] [Dummy-7] [root/event_listener.py:136]: Komorebi failed to subscribe named pipe. 'komorebic.exe' is not recognized as an internal or external command, operable program or batch file.
2026-08-15 10:59:17,922 [WARNING] [MainThread] [deprecation/deprecation.py:146]: [DEPRECATED] BarAlignment: 'center' - Use 'align' instead.
2026-08-15 10:59:17,923 [WARNING] [MainThread] [deprecation/deprecation.py:146]: [DEPRECATED] BarBlurEffect: 'acrylic' - No longer supported and can be removed from the config.
2026-08-15 10:59:17,923 [INFO] [MainThread] [root/controller.py:21]: Reloading Application because of config change.
2026-08-15 10:59:18,028 [INFO] [MainThread] [cli_server/cli_server.py:114]: Log pipe server stopped
2026-08-15 10:59:18,047 [INFO] [MainThread] [root/bar_manager.py:93]: Successfully loaded updated config and re-initialised all bars.
2026-08-15 10:59:18,148 [INFO] [MainThread] [root/bar_manager.py:119]: Stopping SystemEventListener...
2026-08-15 10:59:18,186 [INFO] [MainThread] [root/bar_manager.py:119]: Stopping KomorebiEventListener...
2026-08-15 10:59:18,622 [INFO] [MainThread] [root/log.py:104]: YASB v2.0.6
2026-08-15 10:59:18,623 [INFO] [CLIPipeServer] [cli_server/cli_server.py:216]: CLI server started v1.1.7
2026-08-15 10:59:18,623 [INFO] [MainThread] [cli_server/cli_server.py:106]: Log pipe server started
2026-08-15 10:59:18,672 [WARNING] [MainThread] [deprecation/deprecation.py:146]: [DEPRECATED] BarAlignment: 'center' - Use 'align' instead.
2026-08-15 10:59:18,672 [WARNING] [MainThread] [deprecation/deprecation.py:146]: [DEPRECATED] BarBlurEffect: 'acrylic' - No longer supported and can be removed from the config.
2026-08-15 10:59:18,697 [WARNING] [MainThread] [deprecation/deprecation.py:146]: [DEPRECATED] HomeConfig: 'distance' - Use 'offset_top' instead.
2026-08-15 10:59:18,697 [WARNING] [MainThread] [deprecation/deprecation.py:146]: [DEPRECATED] HomeConfig: 'container_padding' - Use CSS padding instead.
2026-08-15 10:59:18,737 [WARNING] [MainThread] [deprecation/deprecation.py:146]: [DEPRECATED] KomorebiWorkspacesConfig: 'animation' - Use CSS animations instead.
2026-08-15 10:59:19,517 [WARNING] [MainThread] [deprecation/deprecation.py:146]: [DEPRECATED] CavaConfig: 'container_padding' - Use CSS padding instead.
2026-08-15 10:59:19,660 [WARNING] [MainThread] [deprecation/deprecation.py:150]: [DEPRECATED] VolumeConfig: 'volume_icons' renamed to 'icons' - Use 'icons' with the dictionary format instead.
2026-08-15 10:59:19,672 [INFO] [MainThread] [root/service.py:52]: AudioOutputService starting...
2026-08-15 10:59:19,772 [WARNING] [MainThread] [deprecation/deprecation.py:146]: [DEPRECATED] GroupLabelConfig: 'distance' - Use 'offset_top' instead.
2026-08-15 10:59:19,800 [WARNING] [MainThread] [deprecation/deprecation.py:146]: [DEPRECATED] GalleryConfig: 'lazy_load_delay' - No longer supported and can be removed from the config.
2026-08-15 10:59:19,801 [WARNING] [MainThread] [deprecation/deprecation.py:146]: [DEPRECATED] GalleryConfig: 'enable_cache' - No longer supported and can be removed from the config.
2026-08-15 10:59:19,927 [INFO] [MainThread] [root/bar_manager.py:103]: Starting KomorebiEventListener...
2026-08-15 10:59:19,928 [INFO] [MainThread] [root/bar_manager.py:103]: Starting SystemEventListener...
2026-08-15 10:59:19,929 [INFO] [MainThread] [root/watcher.py:65]: Watching directory: c:\users\lowie\.config\yasb
2026-08-15 10:59:19,929 [INFO] [MainThread] [root/watcher.py:104]: Created file watcher
2026-08-15 10:59:20,102 [INFO] [Dummy-7] [root/event_listener.py:54]: Created named pipe yasb-9a2465bc-9887-11f1-920b-9c67d6e32e56
2026-08-15 10:59:20,234 [WARNING] [Dummy-7] [root/event_listener.py:136]: Komorebi failed to subscribe named pipe. 'komorebic.exe' is not recognized as an internal or external command, operable program or batch file.
2026-08-15 10:59:20,529 [WARNING] [MainThread] [deprecation/deprecation.py:146]: [DEPRECATED] BarAlignment: 'center' - Use 'align' instead.
2026-08-15 10:59:20,529 [WARNING] [MainThread] [deprecation/deprecation.py:146]: [DEPRECATED] BarBlurEffect: 'acrylic' - No longer supported and can be removed from the config.
2026-08-15 10:59:20,530 [INFO] [MainThread] [root/controller.py:21]: Reloading Application because of config change.
2026-08-15 10:59:20,630 [INFO] [MainThread] [cli_server/cli_server.py:114]: Log pipe server stopped
2026-08-15 10:59:20,643 [INFO] [MainThread] [root/bar_manager.py:93]: Successfully loaded updated config and re-initialised all bars.
2026-08-15 10:59:20,772 [INFO] [MainThread] [root/bar_manager.py:119]: Stopping KomorebiEventListener...
2026-08-15 10:59:20,782 [INFO] [MainThread] [root/bar_manager.py:119]: Stopping SystemEventListener...
2026-08-15 10:59:21,217 [INFO] [MainThread] [root/log.py:104]: YASB v2.0.6
2026-08-15 10:59:21,218 [INFO] [CLIPipeServer] [cli_server/cli_server.py:216]: CLI server started v1.1.7
2026-08-15 10:59:21,218 [INFO] [MainThread] [cli_server/cli_server.py:106]: Log pipe server started
2026-08-15 10:59:21,266 [WARNING] [MainThread] [deprecation/deprecation.py:146]: [DEPRECATED] BarAlignment: 'center' - Use 'align' instead.
2026-08-15 10:59:21,266 [WARNING] [MainThread] [deprecation/deprecation.py:146]: [DEPRECATED] BarBlurEffect: 'acrylic' - No longer supported and can be removed from the config.
2026-08-15 10:59:21,289 [WARNING] [MainThread] [deprecation/deprecation.py:146]: [DEPRECATED] HomeConfig: 'distance' - Use 'offset_top' instead.
2026-08-15 10:59:21,289 [WARNING] [MainThread] [deprecation/deprecation.py:146]: [DEPRECATED] HomeConfig: 'container_padding' - Use CSS padding instead.
2026-08-15 10:59:21,329 [WARNING] [MainThread] [deprecation/deprecation.py:146]: [DEPRECATED] KomorebiWorkspacesConfig: 'animation' - Use CSS animations instead.
2026-08-15 10:59:22,062 [WARNING] [MainThread] [deprecation/deprecation.py:146]: [DEPRECATED] CavaConfig: 'container_padding' - Use CSS padding instead.
2026-08-15 10:59:22,189 [WARNING] [MainThread] [deprecation/deprecation.py:150]: [DEPRECATED] VolumeConfig: 'volume_icons' renamed to 'icons' - Use 'icons' with the dictionary format instead.
2026-08-15 10:59:22,201 [INFO] [MainThread] [root/service.py:52]: AudioOutputService starting...
2026-08-15 10:59:22,298 [WARNING] [MainThread] [deprecation/deprecation.py:146]: [DEPRECATED] GroupLabelConfig: 'distance' - Use 'offset_top' instead.
2026-08-15 10:59:22,326 [WARNING] [MainThread] [deprecation/deprecation.py:146]: [DEPRECATED] GalleryConfig: 'lazy_load_delay' - No longer supported and can be removed from the config.
2026-08-15 10:59:22,327 [WARNING] [MainThread] [deprecation/deprecation.py:146]: [DEPRECATED] GalleryConfig: 'enable_cache' - No longer supported and can be removed from the config.
2026-08-15 10:59:22,451 [INFO] [MainThread] [root/bar_manager.py:103]: Starting KomorebiEventListener...
2026-08-15 10:59:22,452 [INFO] [MainThread] [root/bar_manager.py:103]: Starting SystemEventListener...
2026-08-15 10:59:22,453 [INFO] [MainThread] [root/watcher.py:65]: Watching directory: c:\users\lowie\.config\yasb
2026-08-15 10:59:22,454 [INFO] [MainThread] [root/watcher.py:104]: Created file watcher
2026-08-15 10:59:22,620 [INFO] [Dummy-7] [root/event_listener.py:54]: Created named pipe yasb-9ba59fb1-9887-11f1-ad22-9c67d6e32e56
2026-08-15 10:59:22,766 [WARNING] [Dummy-7] [root/event_listener.py:136]: Komorebi failed to subscribe named pipe. 'komorebic.exe' is not recognized as an internal or external command, operable program or batch file.
2026-08-15 10:59:26,427 [WARNING] [MainThread] [deprecation/deprecation.py:146]: [DEPRECATED] BarAlignment: 'center' - Use 'align' instead.
2026-08-15 10:59:26,427 [WARNING] [MainThread] [deprecation/deprecation.py:146]: [DEPRECATED] BarBlurEffect: 'acrylic' - No longer supported and can be removed from the config.
2026-08-15 10:59:26,428 [INFO] [MainThread] [root/controller.py:21]: Reloading Application because of config change.
2026-08-15 10:59:26,543 [INFO] [MainThread] [cli_server/cli_server.py:114]: Log pipe server stopped
2026-08-15 10:59:26,566 [INFO] [MainThread] [root/bar_manager.py:93]: Successfully loaded updated config and re-initialised all bars.
2026-08-15 10:59:26,675 [INFO] [MainThread] [root/bar_manager.py:119]: Stopping KomorebiEventListener...
2026-08-15 10:59:26,690 [INFO] [MainThread] [root/bar_manager.py:119]: Stopping SystemEventListener...
2026-08-15 10:59:27,142 [INFO] [MainThread] [root/log.py:104]: YASB v2.0.6
2026-08-15 10:59:27,142 [INFO] [CLIPipeServer] [cli_server/cli_server.py:216]: CLI server started v1.1.7
2026-08-15 10:59:27,143 [INFO] [MainThread] [cli_server/cli_server.py:106]: Log pipe server started
2026-08-15 10:59:27,192 [WARNING] [MainThread] [deprecation/deprecation.py:146]: [DEPRECATED] BarAlignment: 'center' - Use 'align' instead.
2026-08-15 10:59:27,192 [WARNING] [MainThread] [deprecation/deprecation.py:146]: [DEPRECATED] BarBlurEffect: 'acrylic' - No longer supported and can be removed from the config.
2026-08-15 10:59:27,215 [WARNING] [MainThread] [deprecation/deprecation.py:146]: [DEPRECATED] HomeConfig: 'distance' - Use 'offset_top' instead.
2026-08-15 10:59:27,215 [WARNING] [MainThread] [deprecation/deprecation.py:146]: [DEPRECATED] HomeConfig: 'container_padding' - Use CSS padding instead.
2026-08-15 10:59:27,254 [WARNING] [MainThread] [deprecation/deprecation.py:146]: [DEPRECATED] KomorebiWorkspacesConfig: 'animation' - Use CSS animations instead.
2026-08-15 10:59:27,989 [WARNING] [MainThread] [deprecation/deprecation.py:146]: [DEPRECATED] CavaConfig: 'container_padding' - Use CSS padding instead.
2026-08-15 10:59:28,119 [WARNING] [MainThread] [deprecation/deprecation.py:150]: [DEPRECATED] VolumeConfig: 'volume_icons' renamed to 'icons' - Use 'icons' with the dictionary format instead.
2026-08-15 10:59:28,131 [INFO] [MainThread] [root/service.py:52]: AudioOutputService starting...
2026-08-15 10:59:28,232 [WARNING] [MainThread] [deprecation/deprecation.py:146]: [DEPRECATED] GroupLabelConfig: 'distance' - Use 'offset_top' instead.
2026-08-15 10:59:28,260 [WARNING] [MainThread] [deprecation/deprecation.py:146]: [DEPRECATED] GalleryConfig: 'lazy_load_delay' - No longer supported and can be removed from the config.
2026-08-15 10:59:28,260 [WARNING] [MainThread] [deprecation/deprecation.py:146]: [DEPRECATED] GalleryConfig: 'enable_cache' - No longer supported and can be removed from the config.
2026-08-15 10:59:28,381 [INFO] [MainThread] [root/bar_manager.py:103]: Starting KomorebiEventListener...
2026-08-15 10:59:28,382 [INFO] [MainThread] [root/bar_manager.py:103]: Starting SystemEventListener...
2026-08-15 10:59:28,383 [INFO] [MainThread] [root/watcher.py:65]: Watching directory: c:\users\lowie\.config\yasb
2026-08-15 10:59:28,384 [INFO] [MainThread] [root/watcher.py:104]: Created file watcher
2026-08-15 10:59:28,564 [INFO] [Dummy-7] [root/event_listener.py:54]: Created named pipe yasb-9f2e70ec-9887-11f1-8dd6-9c67d6e32e56
2026-08-15 10:59:28,702 [WARNING] [Dummy-7] [root/event_listener.py:136]: Komorebi failed to subscribe named pipe. 'komorebic.exe' is not recognized as an internal or external command, operable program or batch file.
2026-08-15 11:01:01,875 [WARNING] [MainThread] [deprecation/deprecation.py:146]: [DEPRECATED] BarAlignment: 'center' - Use 'align' instead.
2026-08-15 11:01:01,875 [WARNING] [MainThread] [deprecation/deprecation.py:146]: [DEPRECATED] BarBlurEffect: 'acrylic' - No longer supported and can be removed from the config.
2026-08-15 11:01:01,876 [INFO] [MainThread] [root/controller.py:21]: Reloading Application because of config change.
2026-08-15 11:01:01,977 [INFO] [MainThread] [cli_server/cli_server.py:114]: Log pipe server stopped
2026-08-15 11:01:01,997 [INFO] [MainThread] [root/bar_manager.py:93]: Successfully loaded updated config and re-initialised all bars.
2026-08-15 11:01:02,104 [INFO] [MainThread] [root/bar_manager.py:119]: Stopping KomorebiEventListener...
2026-08-15 11:01:02,117 [INFO] [MainThread] [root/bar_manager.py:119]: Stopping SystemEventListener...
2026-08-15 11:01:02,554 [INFO] [MainThread] [root/log.py:104]: YASB v2.0.6
2026-08-15 11:01:02,555 [INFO] [CLIPipeServer] [cli_server/cli_server.py:216]: CLI server started v1.1.7
2026-08-15 11:01:02,556 [INFO] [MainThread] [cli_server/cli_server.py:106]: Log pipe server started
2026-08-15 11:01:02,603 [WARNING] [MainThread] [deprecation/deprecation.py:146]: [DEPRECATED] BarAlignment: 'center' - Use 'align' instead.
2026-08-15 11:01:02,604 [WARNING] [MainThread] [deprecation/deprecation.py:146]: [DEPRECATED] BarBlurEffect: 'acrylic' - No longer supported and can be removed from the config.
2026-08-15 11:01:02,626 [WARNING] [MainThread] [deprecation/deprecation.py:146]: [DEPRECATED] HomeConfig: 'distance' - Use 'offset_top' instead.
2026-08-15 11:01:02,626 [WARNING] [MainThread] [deprecation/deprecation.py:146]: [DEPRECATED] HomeConfig: 'container_padding' - Use CSS padding instead.
2026-08-15 11:01:02,662 [WARNING] [MainThread] [deprecation/deprecation.py:146]: [DEPRECATED] KomorebiWorkspacesConfig: 'animation' - Use CSS animations instead.
2026-08-15 11:01:03,460 [WARNING] [MainThread] [deprecation/deprecation.py:146]: [DEPRECATED] CavaConfig: 'container_padding' - Use CSS padding instead.
2026-08-15 11:01:03,593 [WARNING] [MainThread] [deprecation/deprecation.py:150]: [DEPRECATED] VolumeConfig: 'volume_icons' renamed to 'icons' - Use 'icons' with the dictionary format instead.
2026-08-15 11:01:03,605 [INFO] [MainThread] [root/service.py:52]: AudioOutputService starting...
2026-08-15 11:01:03,705 [WARNING] [MainThread] [deprecation/deprecation.py:146]: [DEPRECATED] GroupLabelConfig: 'distance' - Use 'offset_top' instead.
2026-08-15 11:01:03,733 [WARNING] [MainThread] [deprecation/deprecation.py:146]: [DEPRECATED] GalleryConfig: 'lazy_load_delay' - No longer supported and can be removed from the config.
2026-08-15 11:01:03,733 [WARNING] [MainThread] [deprecation/deprecation.py:146]: [DEPRECATED] GalleryConfig: 'enable_cache' - No longer supported and can be removed from the config.
2026-08-15 11:01:03,871 [INFO] [MainThread] [root/bar_manager.py:103]: Starting SystemEventListener...
2026-08-15 11:01:03,871 [INFO] [MainThread] [root/bar_manager.py:103]: Starting KomorebiEventListener...
2026-08-15 11:01:03,873 [INFO] [MainThread] [root/watcher.py:65]: Watching directory: c:\users\lowie\.config\yasb
2026-08-15 11:01:03,873 [INFO] [MainThread] [root/watcher.py:104]: Created file watcher
2026-08-15 11:01:04,103 [INFO] [Dummy-7] [root/event_listener.py:54]: Created named pipe yasb-d818fa64-9887-11f1-8c0c-9c67d6e32e56
2026-08-15 11:01:04,212 [WARNING] [Dummy-7] [root/event_listener.py:136]: Komorebi failed to subscribe named pipe. 'komorebic.exe' is not recognized as an internal or external command, operable program or batch file.
2026-08-15 11:01:05,785 [WARNING] [MainThread] [deprecation/deprecation.py:146]: [DEPRECATED] BarAlignment: 'center' - Use 'align' instead.
2026-08-15 11:01:05,785 [WARNING] [MainThread] [deprecation/deprecation.py:146]: [DEPRECATED] BarBlurEffect: 'acrylic' - No longer supported and can be removed from the config.
2026-08-15 11:01:05,786 [INFO] [MainThread] [root/controller.py:21]: Reloading Application because of config change.
2026-08-15 11:01:05,888 [INFO] [MainThread] [cli_server/cli_server.py:114]: Log pipe server stopped
2026-08-15 11:01:05,904 [INFO] [MainThread] [root/bar_manager.py:93]: Successfully loaded updated config and re-initialised all bars.
2026-08-15 11:01:06,012 [INFO] [MainThread] [root/bar_manager.py:119]: Stopping SystemEventListener...
2026-08-15 11:01:06,055 [INFO] [MainThread] [root/bar_manager.py:119]: Stopping KomorebiEventListener...
2026-08-15 11:01:06,470 [INFO] [MainThread] [root/log.py:104]: YASB v2.0.6
2026-08-15 11:01:06,470 [INFO] [CLIPipeServer] [cli_server/cli_server.py:216]: CLI server started v1.1.7
2026-08-15 11:01:06,471 [INFO] [MainThread] [cli_server/cli_server.py:106]: Log pipe server started
2026-08-15 11:01:06,519 [WARNING] [MainThread] [deprecation/deprecation.py:146]: [DEPRECATED] BarAlignment: 'center' - Use 'align' instead.
2026-08-15 11:01:06,520 [WARNING] [MainThread] [deprecation/deprecation.py:146]: [DEPRECATED] BarBlurEffect: 'acrylic' - No longer supported and can be removed from the config.
2026-08-15 11:01:06,543 [WARNING] [MainThread] [deprecation/deprecation.py:146]: [DEPRECATED] HomeConfig: 'distance' - Use 'offset_top' instead.
2026-08-15 11:01:06,543 [WARNING] [MainThread] [deprecation/deprecation.py:146]: [DEPRECATED] HomeConfig: 'container_padding' - Use CSS padding instead.
2026-08-15 11:01:06,582 [WARNING] [MainThread] [deprecation/deprecation.py:146]: [DEPRECATED] KomorebiWorkspacesConfig: 'animation' - Use CSS animations instead.
2026-08-15 11:01:07,302 [WARNING] [MainThread] [deprecation/deprecation.py:146]: [DEPRECATED] CavaConfig: 'container_padding' - Use CSS padding instead.
2026-08-15 11:01:07,429 [WARNING] [MainThread] [deprecation/deprecation.py:150]: [DEPRECATED] VolumeConfig: 'volume_icons' renamed to 'icons' - Use 'icons' with the dictionary format instead.
2026-08-15 11:01:07,441 [INFO] [MainThread] [root/service.py:52]: AudioOutputService starting...
2026-08-15 11:01:07,539 [WARNING] [MainThread] [deprecation/deprecation.py:146]: [DEPRECATED] GroupLabelConfig: 'distance' - Use 'offset_top' instead.
2026-08-15 11:01:07,569 [WARNING] [MainThread] [deprecation/deprecation.py:146]: [DEPRECATED] GalleryConfig: 'lazy_load_delay' - No longer supported and can be removed from the config.
2026-08-15 11:01:07,570 [WARNING] [MainThread] [deprecation/deprecation.py:146]: [DEPRECATED] GalleryConfig: 'enable_cache' - No longer supported and can be removed from the config.
2026-08-15 11:01:07,716 [INFO] [MainThread] [root/bar_manager.py:103]: Starting KomorebiEventListener...
2026-08-15 11:01:07,716 [INFO] [MainThread] [root/bar_manager.py:103]: Starting SystemEventListener...
2026-08-15 11:01:07,717 [INFO] [MainThread] [root/watcher.py:65]: Watching directory: c:\users\lowie\.config\yasb
2026-08-15 11:01:07,717 [INFO] [MainThread] [root/watcher.py:104]: Created file watcher
2026-08-15 11:01:07,906 [INFO] [Dummy-7] [root/event_listener.py:54]: Created named pipe yasb-da639ab0-9887-11f1-8ffd-9c67d6e32e56
2026-08-15 11:01:08,080 [WARNING] [Dummy-7] [root/event_listener.py:136]: Komorebi failed to subscribe named pipe. 'komorebic.exe' is not recognized as an internal or external command, operable program or batch file.
2026-08-15 11:04:03,682 [WARNING] [MainThread] [deprecation/deprecation.py:146]: [DEPRECATED] BarAlignment: 'center' - Use 'align' instead.
2026-08-15 11:04:03,683 [WARNING] [MainThread] [deprecation/deprecation.py:146]: [DEPRECATED] BarBlurEffect: 'acrylic' - No longer supported and can be removed from the config.
2026-08-15 11:04:03,683 [ERROR] [MainThread] [root/config.py:99]: The config file 'C:\Users\lowie\.config\yasb\config.yaml' contains validation errors. Please fix:
widgets:
  memory:
    str:
    - Input should be a valid string
    dict[str,any]:
    - Input should be a valid dictionary

2026-08-15 11:04:13,142 [WARNING] [MainThread] [deprecation/deprecation.py:146]: [DEPRECATED] BarAlignment: 'center' - Use 'align' instead.
2026-08-15 11:04:13,142 [WARNING] [MainThread] [deprecation/deprecation.py:146]: [DEPRECATED] BarBlurEffect: 'acrylic' - No longer supported and can be removed from the config.
2026-08-15 11:04:13,143 [INFO] [MainThread] [root/controller.py:21]: Reloading Application because of config change.
2026-08-15 11:04:13,252 [INFO] [MainThread] [cli_server/cli_server.py:114]: Log pipe server stopped
2026-08-15 11:04:13,270 [INFO] [MainThread] [root/bar_manager.py:93]: Successfully loaded updated config and re-initialised all bars.
2026-08-15 11:04:13,369 [INFO] [MainThread] [root/bar_manager.py:119]: Stopping KomorebiEventListener...
2026-08-15 11:04:13,382 [INFO] [MainThread] [root/bar_manager.py:119]: Stopping SystemEventListener...
2026-08-15 11:04:13,803 [INFO] [MainThread] [root/log.py:104]: YASB v2.0.6
2026-08-15 11:04:13,803 [INFO] [CLIPipeServer] [cli_server/cli_server.py:216]: CLI server started v1.1.7
2026-08-15 11:04:13,804 [INFO] [MainThread] [cli_server/cli_server.py:106]: Log pipe server started
2026-08-15 11:04:13,857 [WARNING] [MainThread] [deprecation/deprecation.py:146]: [DEPRECATED] BarAlignment: 'center' - Use 'align' instead.
2026-08-15 11:04:13,857 [WARNING] [MainThread] [deprecation/deprecation.py:146]: [DEPRECATED] BarBlurEffect: 'acrylic' - No longer supported and can be removed from the config.
2026-08-15 11:04:13,881 [WARNING] [MainThread] [deprecation/deprecation.py:146]: [DEPRECATED] HomeConfig: 'distance' - Use 'offset_top' instead.
2026-08-15 11:04:13,881 [WARNING] [MainThread] [deprecation/deprecation.py:146]: [DEPRECATED] HomeConfig: 'container_padding' - Use CSS padding instead.
2026-08-15 11:04:13,940 [WARNING] [MainThread] [deprecation/deprecation.py:146]: [DEPRECATED] KomorebiWorkspacesConfig: 'animation' - Use CSS animations instead.
2026-08-15 11:04:14,842 [WARNING] [MainThread] [deprecation/deprecation.py:146]: [DEPRECATED] CavaConfig: 'container_padding' - Use CSS padding instead.
2026-08-15 11:04:14,985 [WARNING] [MainThread] [deprecation/deprecation.py:150]: [DEPRECATED] VolumeConfig: 'volume_icons' renamed to 'icons' - Use 'icons' with the dictionary format instead.
2026-08-15 11:04:14,997 [INFO] [MainThread] [root/service.py:52]: AudioOutputService starting...
2026-08-15 11:04:15,097 [WARNING] [MainThread] [deprecation/deprecation.py:146]: [DEPRECATED] GroupLabelConfig: 'distance' - Use 'offset_top' instead.
2026-08-15 11:04:15,125 [WARNING] [MainThread] [deprecation/deprecation.py:146]: [DEPRECATED] GalleryConfig: 'lazy_load_delay' - No longer supported and can be removed from the config.
2026-08-15 11:04:15,125 [WARNING] [MainThread] [deprecation/deprecation.py:146]: [DEPRECATED] GalleryConfig: 'enable_cache' - No longer supported and can be removed from the config.
2026-08-15 11:04:15,238 [INFO] [MainThread] [root/bar_manager.py:103]: Starting SystemEventListener...
2026-08-15 11:04:15,239 [INFO] [MainThread] [root/bar_manager.py:103]: Starting KomorebiEventListener...
2026-08-15 11:04:15,241 [INFO] [MainThread] [root/watcher.py:65]: Watching directory: c:\users\lowie\.config\yasb
2026-08-15 11:04:15,241 [INFO] [MainThread] [root/watcher.py:104]: Created file watcher
2026-08-15 11:04:15,407 [INFO] [Dummy-7] [root/event_listener.py:54]: Created named pipe yasb-4a296dda-9888-11f1-98af-9c67d6e32e56
2026-08-15 11:04:15,522 [WARNING] [Dummy-7] [root/event_listener.py:136]: Komorebi failed to subscribe named pipe. 'komorebic.exe' is not recognized as an internal or external command, operable program or batch file.
2026-08-15 11:04:16,407 [WARNING] [MainThread] [deprecation/deprecation.py:146]: [DEPRECATED] BarAlignment: 'center' - Use 'align' instead.
2026-08-15 11:04:16,408 [WARNING] [MainThread] [deprecation/deprecation.py:146]: [DEPRECATED] BarBlurEffect: 'acrylic' - No longer supported and can be removed from the config.
2026-08-15 11:04:16,408 [INFO] [MainThread] [root/controller.py:21]: Reloading Application because of config change.
2026-08-15 11:04:16,514 [INFO] [MainThread] [cli_server/cli_server.py:114]: Log pipe server stopped
2026-08-15 11:04:16,529 [INFO] [MainThread] [root/bar_manager.py:93]: Successfully loaded updated config and re-initialised all bars.
2026-08-15 11:04:16,622 [INFO] [MainThread] [root/bar_manager.py:119]: Stopping SystemEventListener...
2026-08-15 11:04:16,660 [INFO] [MainThread] [root/bar_manager.py:119]: Stopping KomorebiEventListener...
2026-08-15 11:04:17,096 [INFO] [MainThread] [root/log.py:104]: YASB v2.0.6
2026-08-15 11:04:17,097 [INFO] [CLIPipeServer] [cli_server/cli_server.py:216]: CLI server started v1.1.7
2026-08-15 11:04:17,098 [INFO] [MainThread] [cli_server/cli_server.py:106]: Log pipe server started
2026-08-15 11:04:17,146 [WARNING] [MainThread] [deprecation/deprecation.py:146]: [DEPRECATED] BarAlignment: 'center' - Use 'align' instead.
2026-08-15 11:04:17,146 [WARNING] [MainThread] [deprecation/deprecation.py:146]: [DEPRECATED] BarBlurEffect: 'acrylic' - No longer supported and can be removed from the config.
2026-08-15 11:04:17,168 [WARNING] [MainThread] [deprecation/deprecation.py:146]: [DEPRECATED] HomeConfig: 'distance' - Use 'offset_top' instead.
2026-08-15 11:04:17,169 [WARNING] [MainThread] [deprecation/deprecation.py:146]: [DEPRECATED] HomeConfig: 'container_padding' - Use CSS padding instead.
2026-08-15 11:04:17,206 [WARNING] [MainThread] [deprecation/deprecation.py:146]: [DEPRECATED] KomorebiWorkspacesConfig: 'animation' - Use CSS animations instead.
2026-08-15 11:04:17,961 [WARNING] [MainThread] [deprecation/deprecation.py:146]: [DEPRECATED] CavaConfig: 'container_padding' - Use CSS padding instead.
2026-08-15 11:04:18,085 [WARNING] [MainThread] [deprecation/deprecation.py:150]: [DEPRECATED] VolumeConfig: 'volume_icons' renamed to 'icons' - Use 'icons' with the dictionary format instead.
2026-08-15 11:04:18,097 [INFO] [MainThread] [root/service.py:52]: AudioOutputService starting...
2026-08-15 11:04:18,195 [WARNING] [MainThread] [deprecation/deprecation.py:146]: [DEPRECATED] GroupLabelConfig: 'distance' - Use 'offset_top' instead.
2026-08-15 11:04:18,226 [WARNING] [MainThread] [deprecation/deprecation.py:146]: [DEPRECATED] GalleryConfig: 'lazy_load_delay' - No longer supported and can be removed from the config.
2026-08-15 11:04:18,227 [WARNING] [MainThread] [deprecation/deprecation.py:146]: [DEPRECATED] GalleryConfig: 'enable_cache' - No longer supported and can be removed from the config.
2026-08-15 11:04:18,345 [INFO] [MainThread] [root/bar_manager.py:103]: Starting KomorebiEventListener...
2026-08-15 11:04:18,345 [INFO] [MainThread] [root/bar_manager.py:103]: Starting SystemEventListener...
2026-08-15 11:04:18,347 [INFO] [MainThread] [root/watcher.py:65]: Watching directory: c:\users\lowie\.config\yasb
2026-08-15 11:04:18,347 [INFO] [MainThread] [root/watcher.py:104]: Created file watcher
2026-08-15 11:04:18,500 [INFO] [Dummy-7] [root/event_listener.py:54]: Created named pipe yasb-4c034a35-9888-11f1-ac41-9c67d6e32e56
2026-08-15 11:04:18,638 [WARNING] [MainThread] [deprecation/deprecation.py:146]: [DEPRECATED] BarAlignment: 'center' - Use 'align' instead.
2026-08-15 11:04:18,638 [WARNING] [Dummy-7] [root/event_listener.py:136]: Komorebi failed to subscribe named pipe. 'komorebic.exe' is not recognized as an internal or external command, operable program or batch file.
2026-08-15 11:04:18,638 [WARNING] [MainThread] [deprecation/deprecation.py:146]: [DEPRECATED] BarBlurEffect: 'acrylic' - No longer supported and can be removed from the config.
2026-08-15 11:04:18,639 [INFO] [MainThread] [root/controller.py:21]: Reloading Application because of config change.
2026-08-15 11:04:18,739 [INFO] [MainThread] [cli_server/cli_server.py:114]: Log pipe server stopped
2026-08-15 11:04:18,758 [INFO] [MainThread] [root/bar_manager.py:93]: Successfully loaded updated config and re-initialised all bars.
Windows fatal exception: code 0x8001010e

Thread 0x00007c04 [SystemEventListener] (most recent call first):
  File "D:\a\yasb\yasb\src\core\utils\win32\event_listener.py", line 69 in run

Thread 0x00009a20 [KomorebiEventListener] (most recent call first):
  File "C:\hostedtoolcache\windows\Python\3.14.6\x64\Lib\threading.py", line 373 in wait
  File "C:\hostedtoolcache\windows\Python\3.14.6\x64\Lib\threading.py", line 670 in wait
  File "D:\a\yasb\yasb\src\core\widgets\services\komorebi\event_listener.py", line 139 in _wait_until_komorebi_online
  File "D:\a\yasb\yasb\src\core\widgets\services\komorebi\event_listener.py", line 69 in run

Thread 0x00009ce0 [Thread-5] (most recent call first):
  File "C:\hostedtoolcache\windows\Python\3.14.6\x64\Lib\threading.py", line 369 in wait
  File "C:\hostedtoolcache\windows\Python\3.14.6\x64\Lib\queue.py", line 199 in get
  File "D:\a\yasb\yasb\venv\Lib\site-packages\watchdog\observers\api.py", line 379 in dispatch_events
  File "D:\a\yasb\yasb\venv\Lib\site-packages\watchdog\observers\api.py", line 213 in run
  File "C:\hostedtoolcache\windows\Python\3.14.6\x64\Lib\threading.py", line 1082 in _bootstrap_inner
  File "C:\hostedtoolcache\windows\Python\3.14.6\x64\Lib\threading.py", line 1044 in _bootstrap

Thread 0x00005bbc [Thread-6] (most recent call first):
  File "D:\a\yasb\yasb\venv\Lib\site-packages\watchdog\observers\winapi.py", line 326 in read_directory_changes
  File "D:\a\yasb\yasb\venv\Lib\site-packages\watchdog\observers\winapi.py", line 380 in read_events
  File "D:\a\yasb\yasb\venv\Lib\site-packages\watchdog\observers\read_directory_changes.py", line 67 in _read_events
  File "D:\a\yasb\yasb\venv\Lib\site-packages\watchdog\observers\read_directory_changes.py", line 70 in queue_events
  File "D:\a\yasb\yasb\venv\Lib\site-packages\watchdog\observers\api.py", line 158 in run
  File "C:\hostedtoolcache\windows\Python\3.14.6\x64\Lib\threading.py", line 1082 in _bootstrap_inner
  File "C:\hostedtoolcache\windows\Python\3.14.6\x64\Lib\threading.py", line 1044 in _bootstrap

Thread 0x00007af4 [GpuWorker] (most recent call first):
  File "C:\hostedtoolcache\windows\Python\3.14.6\x64\Lib\threading.py", line 373 in wait
  File "C:\hostedtoolcache\windows\Python\3.14.6\x64\Lib\threading.py", line 670 in wait
  File "D:\a\yasb\yasb\src\core\widgets\services\gpu\gpu_api.py", line 546 in run

Thread 0x000074a4 [CpuWorker] (most recent call first):
  File "C:\hostedtoolcache\windows\Python\3.14.6\x64\Lib\threading.py", line 373 in wait
  File "C:\hostedtoolcache\windows\Python\3.14.6\x64\Lib\threading.py", line 670 in wait
  File "D:\a\yasb\yasb\src\core\widgets\services\cpu\cpu_api.py", line 343 in run

Thread 0x00001964 [Thread-3 (process_audio)] (most recent call first):
  File "D:\a\yasb\yasb\src\core\widgets\yasb\cava.py", line 586 in process_audio
  File "C:\hostedtoolcache\windows\Python\3.14.6\x64\Lib\threading.py", line 1024 in run
  File "C:\hostedtoolcache\windows\Python\3.14.6\x64\Lib\threading.py", line 1082 in _bootstrap_inner
  File "C:\hostedtoolcache\windows\Python\3.14.6\x64\Lib\threading.py", line 1044 in _bootstrap

Thread 0x00006f24 [_EventWorker] (most recent call first):
  File "D:\a\yasb\yasb\venv\Lib\site-packages\qasync\_windows.py", line 147 in _poll
  File "D:\a\yasb\yasb\venv\Lib\site-packages\qasync\_windows.py", line 72 in select
  File "D:\a\yasb\yasb\venv\Lib\site-packages\qasync\_windows.py", line 199 in run

Thread 0x000094f0 [LogPipeServer] (most recent call first):
  File "D:\a\yasb\yasb\src\core\utils\cli_server.py", line 166 in _run_server
  File "C:\hostedtoolcache\windows\Python\3.14.6\x64\Lib\threading.py", line 1024 in run
  File "C:\hostedtoolcache\windows\Python\3.14.6\x64\Lib\threading.py", line 1082 in _bootstrap_inner
  File "C:\hostedtoolcache\windows\Python\3.14.6\x64\Lib\threading.py", line 1044 in _bootstrap

Thread 0x00009f38 [CLIPipeServer] (most recent call first):
  File "D:\a\yasb\yasb\src\core\utils\win32\bindings\kernel32.py", line 291 in ConnectNamedPipe
  File "D:\a\yasb\yasb\src\core\utils\cli_server.py", line 235 in _run_server
  File "C:\hostedtoolcache\windows\Python\3.14.6\x64\Lib\threading.py", line 1024 in run
  File "C:\hostedtoolcache\windows\Python\3.14.6\x64\Lib\threading.py", line 1082 in _bootstrap_inner
  File "C:\hostedtoolcache\windows\Python\3.14.6\x64\Lib\threading.py", line 1044 in _bootstrap

Current thread 0x000093bc (most recent call first):
  File "C:\hostedtoolcache\windows\Python\3.14.6\x64\Lib\asyncio\events.py", line 94 in _run
  File "D:\a\yasb\yasb\venv\Lib\site-packages\qasync\__init__.py", line 307 in timerEvent
  File "D:\a\yasb\yasb\venv\Lib\site-packages\qasync\__init__.py", line 404 in run_forever
  File "D:\a\yasb\yasb\venv\Lib\site-packages\qasync\__init__.py", line 428 in run_until_complete
  File "main.py", line 100 in main
  File "main.py", line 203 in <module>
  File "D:\a\yasb\yasb\venv\Lib\site-packages\freeze_core\initscripts\console.py", line 43 in run
  File "src/freeze_core/initscripts/__startup__.py", line 147 in run
Windows fatal exception: code 0x8001010e

Thread 0x00007c04 [SystemEventListener] (most recent call first):
  File "D:\a\yasb\yasb\src\core\utils\win32\event_listener.py", line 69 in run

Thread 0x00009a20 [KomorebiEventListener] (most recent call first):
  File "C:\hostedtoolcache\windows\Python\3.14.6\x64\Lib\threading.py", line 373 in wait
  File "C:\hostedtoolcache\windows\Python\3.14.6\x64\Lib\threading.py", line 670 in wait
  File "D:\a\yasb\yasb\src\core\widgets\services\komorebi\event_listener.py", line 139 in _wait_until_komorebi_online
  File "D:\a\yasb\yasb\src\core\widgets\services\komorebi\event_listener.py", line 69 in run

Thread 0x00009ce0 [Thread-5] (most recent call first):
  File "C:\hostedtoolcache\windows\Python\3.14.6\x64\Lib\threading.py", line 369 in wait
  File "C:\hostedtoolcache\windows\Python\3.14.6\x64\Lib\queue.py", line 199 in get
  File "D:\a\yasb\yasb\venv\Lib\site-packages\watchdog\observers\api.py", line 379 in dispatch_events
  File "D:\a\yasb\yasb\venv\Lib\site-packages\watchdog\observers\api.py", line 213 in run
  File "C:\hostedtoolcache\windows\Python\3.14.6\x64\Lib\threading.py", line 1082 in _bootstrap_inner
  File "C:\hostedtoolcache\windows\Python\3.14.6\x64\Lib\threading.py", line 1044 in _bootstrap

Thread 0x00005bbc [Thread-6] (most recent call first):
  File "D:\a\yasb\yasb\venv\Lib\site-packages\watchdog\observers\winapi.py", line 326 in read_directory_changes
  File "D:\a\yasb\yasb\venv\Lib\site-packages\watchdog\observers\winapi.py", line 380 in read_events
  File "D:\a\yasb\yasb\venv\Lib\site-packages\watchdog\observers\read_directory_changes.py", line 67 in _read_events
  File "D:\a\yasb\yasb\venv\Lib\site-packages\watchdog\observers\read_directory_changes.py", line 70 in queue_events
  File "D:\a\yasb\yasb\venv\Lib\site-packages\watchdog\observers\api.py", line 158 in run
  File "C:\hostedtoolcache\windows\Python\3.14.6\x64\Lib\threading.py", line 1082 in _bootstrap_inner
  File "C:\hostedtoolcache\windows\Python\3.14.6\x64\Lib\threading.py", line 1044 in _bootstrap

Thread 0x00007af4 [GpuWorker] (most recent call first):
  File "C:\hostedtoolcache\windows\Python\3.14.6\x64\Lib\threading.py", line 373 in wait
  File "C:\hostedtoolcache\windows\Python\3.14.6\x64\Lib\threading.py", line 670 in wait
  File "D:\a\yasb\yasb\src\core\widgets\services\gpu\gpu_api.py", line 546 in run

Thread 0x000074a4 [CpuWorker] (most recent call first):
  File "C:\hostedtoolcache\windows\Python\3.14.6\x64\Lib\threading.py", line 373 in wait
  File "C:\hostedtoolcache\windows\Python\3.14.6\x64\Lib\threading.py", line 670 in wait
  File "D:\a\yasb\yasb\src\core\widgets\services\cpu\cpu_api.py", line 343 in run

Thread 0x00001964 [Thread-3 (process_audio)] (most recent call first):
  File "D:\a\yasb\yasb\src\core\widgets\yasb\cava.py", line 586 in process_audio
  File "C:\hostedtoolcache\windows\Python\3.14.6\x64\Lib\threading.py", line 1024 in run
  File "C:\hostedtoolcache\windows\Python\3.14.6\x64\Lib\threading.py", line 1082 in _bootstrap_inner
  File "C:\hostedtoolcache\windows\Python\3.14.6\x64\Lib\threading.py", line 1044 in _bootstrap

Thread 0x00006f24 [_EventWorker] (most recent call first):
  File "D:\a\yasb\yasb\venv\Lib\site-packages\qasync\_windows.py", line 147 in _poll
  File "D:\a\yasb\yasb\venv\Lib\site-packages\qasync\_windows.py", line 72 in select
  File "D:\a\yasb\yasb\venv\Lib\site-packages\qasync\_windows.py", line 199 in run

Thread 0x000094f0 [LogPipeServer] (most recent call first):
  File "D:\a\yasb\yasb\src\core\utils\cli_server.py", line 166 in _run_server
  File "C:\hostedtoolcache\windows\Python\3.14.6\x64\Lib\threading.py", line 1024 in run
  File "C:\hostedtoolcache\windows\Python\3.14.6\x64\Lib\threading.py", line 1082 in _bootstrap_inner
  File "C:\hostedtoolcache\windows\Python\3.14.6\x64\Lib\threading.py", line 1044 in _bootstrap

Thread 0x00009f38 [CLIPipeServer] (most recent call first):
  File "D:\a\yasb\yasb\src\core\utils\win32\bindings\kernel32.py", line 291 in ConnectNamedPipe
  File "D:\a\yasb\yasb\src\core\utils\cli_server.py", line 235 in _run_server
  File "C:\hostedtoolcache\windows\Python\3.14.6\x64\Lib\threading.py", line 1024 in run
  File "C:\hostedtoolcache\windows\Python\3.14.6\x64\Lib\threading.py", line 1082 in _bootstrap_inner
  File "C:\hostedtoolcache\windows\Python\3.14.6\x64\Lib\threading.py", line 1044 in _bootstrap

Current thread 0x000093bc (most recent call first):
  File "C:\hostedtoolcache\windows\Python\3.14.6\x64\Lib\asyncio\events.py", line 94 in _run
  File "D:\a\yasb\yasb\venv\Lib\site-packages\qasync\__init__.py", line 307 in timerEvent
  File "D:\a\yasb\yasb\venv\Lib\site-packages\qasync\__init__.py", line 404 in run_forever
  File "D:\a\yasb\yasb\venv\Lib\site-packages\qasync\__init__.py", line 428 in run_until_complete
  File "main.py", line 100 in main
  File "main.py", line 203 in <module>
  File "D:\a\yasb\yasb\venv\Lib\site-packages\freeze_core\initscripts\console.py", line 43 in run
  File "src/freeze_core/initscripts/__startup__.py", line 147 in run
2026-08-15 11:04:18,873 [INFO] [MainThread] [root/bar_manager.py:119]: Stopping KomorebiEventListener...
2026-08-15 11:04:18,886 [INFO] [MainThread] [root/bar_manager.py:119]: Stopping SystemEventListener...
2026-08-15 11:04:19,319 [INFO] [MainThread] [root/log.py:104]: YASB v2.0.6
2026-08-15 11:04:19,320 [INFO] [CLIPipeServer] [cli_server/cli_server.py:216]: CLI server started v1.1.7
2026-08-15 11:04:19,320 [INFO] [MainThread] [cli_server/cli_server.py:106]: Log pipe server started
2026-08-15 11:04:19,366 [WARNING] [MainThread] [deprecation/deprecation.py:146]: [DEPRECATED] BarAlignment: 'center' - Use 'align' instead.
2026-08-15 11:04:19,366 [WARNING] [MainThread] [deprecation/deprecation.py:146]: [DEPRECATED] BarBlurEffect: 'acrylic' - No longer supported and can be removed from the config.
2026-08-15 11:04:19,389 [WARNING] [MainThread] [deprecation/deprecation.py:146]: [DEPRECATED] HomeConfig: 'distance' - Use 'offset_top' instead.
2026-08-15 11:04:19,389 [WARNING] [MainThread] [deprecation/deprecation.py:146]: [DEPRECATED] HomeConfig: 'container_padding' - Use CSS padding instead.
2026-08-15 11:04:19,426 [WARNING] [MainThread] [deprecation/deprecation.py:146]: [DEPRECATED] KomorebiWorkspacesConfig: 'animation' - Use CSS animations instead.
2026-08-15 11:04:20,102 [WARNING] [MainThread] [deprecation/deprecation.py:146]: [DEPRECATED] CavaConfig: 'container_padding' - Use CSS padding instead.
2026-08-15 11:04:20,227 [WARNING] [MainThread] [deprecation/deprecation.py:150]: [DEPRECATED] VolumeConfig: 'volume_icons' renamed to 'icons' - Use 'icons' with the dictionary format instead.
2026-08-15 11:04:20,238 [INFO] [MainThread] [root/service.py:52]: AudioOutputService starting...
2026-08-15 11:04:20,339 [WARNING] [MainThread] [deprecation/deprecation.py:146]: [DEPRECATED] GroupLabelConfig: 'distance' - Use 'offset_top' instead.
2026-08-15 11:04:20,368 [WARNING] [MainThread] [deprecation/deprecation.py:146]: [DEPRECATED] GalleryConfig: 'lazy_load_delay' - No longer supported and can be removed from the config.
2026-08-15 11:04:20,369 [WARNING] [MainThread] [deprecation/deprecation.py:146]: [DEPRECATED] GalleryConfig: 'enable_cache' - No longer supported and can be removed from the config.
2026-08-15 11:04:20,490 [INFO] [MainThread] [root/bar_manager.py:103]: Starting KomorebiEventListener...
2026-08-15 11:04:20,491 [INFO] [MainThread] [root/bar_manager.py:103]: Starting SystemEventListener...
2026-08-15 11:04:20,492 [INFO] [MainThread] [root/watcher.py:65]: Watching directory: c:\users\lowie\.config\yasb
2026-08-15 11:04:20,492 [INFO] [MainThread] [root/watcher.py:104]: Created file watcher
2026-08-15 11:04:20,662 [INFO] [Dummy-7] [root/event_listener.py:54]: Created named pipe yasb-4d4aa981-9888-11f1-86b2-9c67d6e32e56
2026-08-15 11:04:20,783 [WARNING] [Dummy-7] [root/event_listener.py:136]: Komorebi failed to subscribe named pipe. 'komorebic.exe' is not recognized as an internal or external command, operable program or batch file.
2026-08-15 11:04:20,805 [WARNING] [MainThread] [deprecation/deprecation.py:146]: [DEPRECATED] BarAlignment: 'center' - Use 'align' instead.
2026-08-15 11:04:20,805 [WARNING] [MainThread] [deprecation/deprecation.py:146]: [DEPRECATED] BarBlurEffect: 'acrylic' - No longer supported and can be removed from the config.
2026-08-15 11:04:20,805 [INFO] [MainThread] [root/controller.py:21]: Reloading Application because of config change.
2026-08-15 11:04:20,907 [INFO] [MainThread] [cli_server/cli_server.py:114]: Log pipe server stopped
2026-08-15 11:04:20,924 [INFO] [MainThread] [root/bar_manager.py:93]: Successfully loaded updated config and re-initialised all bars.
2026-08-15 11:04:21,025 [INFO] [MainThread] [root/bar_manager.py:119]: Stopping KomorebiEventListener...
2026-08-15 11:04:21,037 [INFO] [MainThread] [root/bar_manager.py:119]: Stopping SystemEventListener...
2026-08-15 11:04:21,461 [INFO] [MainThread] [root/log.py:104]: YASB v2.0.6
2026-08-15 11:04:21,461 [INFO] [CLIPipeServer] [cli_server/cli_server.py:216]: CLI server started v1.1.7
2026-08-15 11:04:21,462 [INFO] [MainThread] [cli_server/cli_server.py:106]: Log pipe server started
2026-08-15 11:04:21,509 [WARNING] [MainThread] [deprecation/deprecation.py:146]: [DEPRECATED] BarAlignment: 'center' - Use 'align' instead.
2026-08-15 11:04:21,509 [WARNING] [MainThread] [deprecation/deprecation.py:146]: [DEPRECATED] BarBlurEffect: 'acrylic' - No longer supported and can be removed from the config.
2026-08-15 11:04:21,531 [WARNING] [MainThread] [deprecation/deprecation.py:146]: [DEPRECATED] HomeConfig: 'distance' - Use 'offset_top' instead.
2026-08-15 11:04:21,532 [WARNING] [MainThread] [deprecation/deprecation.py:146]: [DEPRECATED] HomeConfig: 'container_padding' - Use CSS padding instead.
2026-08-15 11:04:21,568 [WARNING] [MainThread] [deprecation/deprecation.py:146]: [DEPRECATED] KomorebiWorkspacesConfig: 'animation' - Use CSS animations instead.
2026-08-15 11:04:22,182 [WARNING] [MainThread] [deprecation/deprecation.py:146]: [DEPRECATED] CavaConfig: 'container_padding' - Use CSS padding instead.
2026-08-15 11:04:22,329 [WARNING] [MainThread] [deprecation/deprecation.py:150]: [DEPRECATED] VolumeConfig: 'volume_icons' renamed to 'icons' - Use 'icons' with the dictionary format instead.
2026-08-15 11:04:22,340 [INFO] [MainThread] [root/service.py:52]: AudioOutputService starting...
2026-08-15 11:04:22,436 [WARNING] [MainThread] [deprecation/deprecation.py:146]: [DEPRECATED] GroupLabelConfig: 'distance' - Use 'offset_top' instead.
2026-08-15 11:04:22,463 [WARNING] [MainThread] [deprecation/deprecation.py:146]: [DEPRECATED] GalleryConfig: 'lazy_load_delay' - No longer supported and can be removed from the config.
2026-08-15 11:04:22,463 [WARNING] [MainThread] [deprecation/deprecation.py:146]: [DEPRECATED] GalleryConfig: 'enable_cache' - No longer supported and can be removed from the config.
2026-08-15 11:04:22,595 [INFO] [MainThread] [root/bar_manager.py:103]: Starting SystemEventListener...
2026-08-15 11:04:22,595 [INFO] [MainThread] [root/bar_manager.py:103]: Starting KomorebiEventListener...
2026-08-15 11:04:22,597 [INFO] [MainThread] [root/watcher.py:65]: Watching directory: c:\users\lowie\.config\yasb
2026-08-15 11:04:22,597 [INFO] [MainThread] [root/watcher.py:104]: Created file watcher
2026-08-15 11:04:22,763 [INFO] [Dummy-7] [root/event_listener.py:54]: Created named pipe yasb-4e8be002-9888-11f1-9794-9c67d6e32e56
2026-08-15 11:04:22,891 [WARNING] [Dummy-7] [root/event_listener.py:136]: Komorebi failed to subscribe named pipe. 'komorebic.exe' is not recognized as an internal or external command, operable program or batch file.
2026-08-15 11:04:26,138 [WARNING] [MainThread] [deprecation/deprecation.py:146]: [DEPRECATED] BarAlignment: 'center' - Use 'align' instead.
2026-08-15 11:04:26,138 [WARNING] [MainThread] [deprecation/deprecation.py:146]: [DEPRECATED] BarBlurEffect: 'acrylic' - No longer supported and can be removed from the config.
2026-08-15 11:04:26,139 [INFO] [MainThread] [root/controller.py:21]: Reloading Application because of config change.
2026-08-15 11:04:26,251 [INFO] [MainThread] [cli_server/cli_server.py:114]: Log pipe server stopped
2026-08-15 11:04:26,264 [INFO] [MainThread] [root/bar_manager.py:93]: Successfully loaded updated config and re-initialised all bars.
2026-08-15 11:04:26,370 [INFO] [MainThread] [root/bar_manager.py:119]: Stopping SystemEventListener...
2026-08-15 11:04:26,407 [INFO] [MainThread] [root/bar_manager.py:119]: Stopping KomorebiEventListener...
2026-08-15 11:04:26,818 [INFO] [MainThread] [root/log.py:104]: YASB v2.0.6
2026-08-15 11:04:26,818 [INFO] [CLIPipeServer] [cli_server/cli_server.py:216]: CLI server started v1.1.7
2026-08-15 11:04:26,819 [INFO] [MainThread] [cli_server/cli_server.py:106]: Log pipe server started
2026-08-15 11:04:26,889 [WARNING] [MainThread] [deprecation/deprecation.py:146]: [DEPRECATED] BarAlignment: 'center' - Use 'align' instead.
2026-08-15 11:04:26,889 [WARNING] [MainThread] [deprecation/deprecation.py:146]: [DEPRECATED] BarBlurEffect: 'acrylic' - No longer supported and can be removed from the config.
2026-08-15 11:04:26,912 [WARNING] [MainThread] [deprecation/deprecation.py:146]: [DEPRECATED] HomeConfig: 'distance' - Use 'offset_top' instead.
2026-08-15 11:04:26,913 [WARNING] [MainThread] [deprecation/deprecation.py:146]: [DEPRECATED] HomeConfig: 'container_padding' - Use CSS padding instead.
2026-08-15 11:04:26,952 [WARNING] [MainThread] [deprecation/deprecation.py:146]: [DEPRECATED] KomorebiWorkspacesConfig: 'animation' - Use CSS animations instead.
2026-08-15 11:04:27,776 [WARNING] [MainThread] [deprecation/deprecation.py:146]: [DEPRECATED] CavaConfig: 'container_padding' - Use CSS padding instead.
2026-08-15 11:04:27,922 [WARNING] [MainThread] [deprecation/deprecation.py:150]: [DEPRECATED] VolumeConfig: 'volume_icons' renamed to 'icons' - Use 'icons' with the dictionary format instead.
2026-08-15 11:04:27,935 [INFO] [MainThread] [root/service.py:52]: AudioOutputService starting...
2026-08-15 11:04:28,036 [WARNING] [MainThread] [deprecation/deprecation.py:146]: [DEPRECATED] GroupLabelConfig: 'distance' - Use 'offset_top' instead.
2026-08-15 11:04:28,064 [WARNING] [MainThread] [deprecation/deprecation.py:146]: [DEPRECATED] GalleryConfig: 'lazy_load_delay' - No longer supported and can be removed from the config.
2026-08-15 11:04:28,064 [WARNING] [MainThread] [deprecation/deprecation.py:146]: [DEPRECATED] GalleryConfig: 'enable_cache' - No longer supported and can be removed from the config.
2026-08-15 11:04:28,182 [INFO] [MainThread] [root/bar_manager.py:103]: Starting SystemEventListener...
2026-08-15 11:04:28,182 [INFO] [MainThread] [root/bar_manager.py:103]: Starting KomorebiEventListener...
2026-08-15 11:04:28,184 [INFO] [MainThread] [root/watcher.py:65]: Watching directory: c:\users\lowie\.config\yasb
2026-08-15 11:04:28,184 [INFO] [MainThread] [root/watcher.py:104]: Created file watcher
2026-08-15 11:04:28,365 [INFO] [Dummy-7] [root/event_listener.py:54]: Created named pipe yasb-51e063c7-9888-11f1-93ea-9c67d6e32e56
2026-08-15 11:04:28,477 [WARNING] [Dummy-7] [root/event_listener.py:136]: Komorebi failed to subscribe named pipe. 'komorebic.exe' is not recognized as an internal or external command, operable program or batch file.
2026-08-15 11:04:33,306 [WARNING] [MainThread] [deprecation/deprecation.py:146]: [DEPRECATED] BarAlignment: 'center' - Use 'align' instead.
2026-08-15 11:04:33,307 [WARNING] [MainThread] [deprecation/deprecation.py:146]: [DEPRECATED] BarBlurEffect: 'acrylic' - No longer supported and can be removed from the config.
2026-08-15 11:04:33,308 [INFO] [MainThread] [root/controller.py:21]: Reloading Application because of config change.
2026-08-15 11:04:33,416 [INFO] [MainThread] [cli_server/cli_server.py:114]: Log pipe server stopped
2026-08-15 11:04:33,437 [INFO] [MainThread] [root/bar_manager.py:93]: Successfully loaded updated config and re-initialised all bars.
2026-08-15 11:04:33,544 [INFO] [MainThread] [root/bar_manager.py:119]: Stopping SystemEventListener...
2026-08-15 11:04:33,587 [INFO] [MainThread] [root/bar_manager.py:119]: Stopping KomorebiEventListener...
2026-08-15 11:04:34,019 [INFO] [MainThread] [root/log.py:104]: YASB v2.0.6
2026-08-15 11:04:34,020 [INFO] [CLIPipeServer] [cli_server/cli_server.py:216]: CLI server started v1.1.7
2026-08-15 11:04:34,020 [INFO] [MainThread] [cli_server/cli_server.py:106]: Log pipe server started
2026-08-15 11:04:34,078 [WARNING] [MainThread] [deprecation/deprecation.py:146]: [DEPRECATED] BarAlignment: 'center' - Use 'align' instead.
2026-08-15 11:04:34,079 [WARNING] [MainThread] [deprecation/deprecation.py:146]: [DEPRECATED] BarBlurEffect: 'acrylic' - No longer supported and can be removed from the config.
2026-08-15 11:04:34,101 [WARNING] [MainThread] [deprecation/deprecation.py:146]: [DEPRECATED] HomeConfig: 'distance' - Use 'offset_top' instead.
2026-08-15 11:04:34,101 [WARNING] [MainThread] [deprecation/deprecation.py:146]: [DEPRECATED] HomeConfig: 'container_padding' - Use CSS padding instead.
2026-08-15 11:04:34,139 [WARNING] [MainThread] [deprecation/deprecation.py:146]: [DEPRECATED] KomorebiWorkspacesConfig: 'animation' - Use CSS animations instead.
2026-08-15 11:04:34,948 [WARNING] [MainThread] [deprecation/deprecation.py:146]: [DEPRECATED] CavaConfig: 'container_padding' - Use CSS padding instead.
2026-08-15 11:04:35,077 [WARNING] [MainThread] [deprecation/deprecation.py:150]: [DEPRECATED] VolumeConfig: 'volume_icons' renamed to 'icons' - Use 'icons' with the dictionary format instead.
2026-08-15 11:04:35,089 [INFO] [MainThread] [root/service.py:52]: AudioOutputService starting...
2026-08-15 11:04:35,190 [WARNING] [MainThread] [deprecation/deprecation.py:146]: [DEPRECATED] GroupLabelConfig: 'distance' - Use 'offset_top' instead.
2026-08-15 11:04:35,218 [WARNING] [MainThread] [deprecation/deprecation.py:146]: [DEPRECATED] GalleryConfig: 'lazy_load_delay' - No longer supported and can be removed from the config.
2026-08-15 11:04:35,219 [WARNING] [MainThread] [deprecation/deprecation.py:146]: [DEPRECATED] GalleryConfig: 'enable_cache' - No longer supported and can be removed from the config.
2026-08-15 11:04:35,338 [INFO] [MainThread] [root/bar_manager.py:103]: Starting SystemEventListener...
2026-08-15 11:04:35,339 [INFO] [MainThread] [root/bar_manager.py:103]: Starting KomorebiEventListener...
2026-08-15 11:04:35,341 [INFO] [MainThread] [root/watcher.py:65]: Watching directory: c:\users\lowie\.config\yasb
2026-08-15 11:04:35,341 [INFO] [MainThread] [root/watcher.py:104]: Created file watcher
2026-08-15 11:04:35,530 [INFO] [Dummy-7] [root/event_listener.py:54]: Created named pipe yasb-56246cda-9888-11f1-8480-9c67d6e32e56
2026-08-15 11:04:35,652 [WARNING] [Dummy-7] [root/event_listener.py:136]: Komorebi failed to subscribe named pipe. 'komorebic.exe' is not recognized as an internal or external command, operable program or batch file.
2026-08-15 11:04:35,736 [WARNING] [MainThread] [deprecation/deprecation.py:146]: [DEPRECATED] BarAlignment: 'center' - Use 'align' instead.
2026-08-15 11:04:35,736 [WARNING] [MainThread] [deprecation/deprecation.py:146]: [DEPRECATED] BarBlurEffect: 'acrylic' - No longer supported and can be removed from the config.
2026-08-15 11:04:35,736 [INFO] [MainThread] [root/controller.py:21]: Reloading Application because of config change.
2026-08-15 11:04:35,837 [INFO] [MainThread] [cli_server/cli_server.py:114]: Log pipe server stopped
2026-08-15 11:04:35,852 [INFO] [MainThread] [root/bar_manager.py:93]: Successfully loaded updated config and re-initialised all bars.
2026-08-15 11:04:35,965 [INFO] [MainThread] [root/bar_manager.py:119]: Stopping SystemEventListener...
2026-08-15 11:04:36,181 [INFO] [MainThread] [root/bar_manager.py:119]: Stopping KomorebiEventListener...
2026-08-15 11:04:36,420 [INFO] [MainThread] [root/log.py:104]: YASB v2.0.6
2026-08-15 11:04:36,421 [INFO] [CLIPipeServer] [cli_server/cli_server.py:216]: CLI server started v1.1.7
2026-08-15 11:04:36,421 [INFO] [MainThread] [cli_server/cli_server.py:106]: Log pipe server started
2026-08-15 11:04:36,468 [WARNING] [MainThread] [deprecation/deprecation.py:146]: [DEPRECATED] BarAlignment: 'center' - Use 'align' instead.
2026-08-15 11:04:36,468 [WARNING] [MainThread] [deprecation/deprecation.py:146]: [DEPRECATED] BarBlurEffect: 'acrylic' - No longer supported and can be removed from the config.
2026-08-15 11:04:36,494 [WARNING] [MainThread] [deprecation/deprecation.py:146]: [DEPRECATED] HomeConfig: 'distance' - Use 'offset_top' instead.
2026-08-15 11:04:36,494 [WARNING] [MainThread] [deprecation/deprecation.py:146]: [DEPRECATED] HomeConfig: 'container_padding' - Use CSS padding instead.
2026-08-15 11:04:36,532 [WARNING] [MainThread] [deprecation/deprecation.py:146]: [DEPRECATED] KomorebiWorkspacesConfig: 'animation' - Use CSS animations instead.
2026-08-15 11:04:37,151 [WARNING] [MainThread] [deprecation/deprecation.py:146]: [DEPRECATED] CavaConfig: 'container_padding' - Use CSS padding instead.
2026-08-15 11:04:37,295 [WARNING] [MainThread] [deprecation/deprecation.py:150]: [DEPRECATED] VolumeConfig: 'volume_icons' renamed to 'icons' - Use 'icons' with the dictionary format instead.
2026-08-15 11:04:37,307 [INFO] [MainThread] [root/service.py:52]: AudioOutputService starting...
2026-08-15 11:04:37,404 [WARNING] [MainThread] [deprecation/deprecation.py:146]: [DEPRECATED] GroupLabelConfig: 'distance' - Use 'offset_top' instead.
2026-08-15 11:04:37,432 [WARNING] [MainThread] [deprecation/deprecation.py:146]: [DEPRECATED] GalleryConfig: 'lazy_load_delay' - No longer supported and can be removed from the config.
2026-08-15 11:04:37,433 [WARNING] [MainThread] [deprecation/deprecation.py:146]: [DEPRECATED] GalleryConfig: 'enable_cache' - No longer supported and can be removed from the config.
2026-08-15 11:04:37,562 [INFO] [MainThread] [root/bar_manager.py:103]: Starting SystemEventListener...
2026-08-15 11:04:37,562 [INFO] [MainThread] [root/bar_manager.py:103]: Starting KomorebiEventListener...
2026-08-15 11:04:37,564 [INFO] [MainThread] [root/watcher.py:65]: Watching directory: c:\users\lowie\.config\yasb
2026-08-15 11:04:37,564 [INFO] [MainThread] [root/watcher.py:104]: Created file watcher
2026-08-15 11:04:37,735 [INFO] [Dummy-7] [root/event_listener.py:54]: Created named pipe yasb-5777b539-9888-11f1-8ec7-9c67d6e32e56
2026-08-15 11:04:37,866 [WARNING] [Dummy-7] [root/event_listener.py:136]: Komorebi failed to subscribe named pipe. 'komorebic.exe' is not recognized as an internal or external command, operable program or batch file.
2026-08-15 11:04:38,315 [WARNING] [MainThread] [deprecation/deprecation.py:146]: [DEPRECATED] BarAlignment: 'center' - Use 'align' instead.
2026-08-15 11:04:38,316 [WARNING] [MainThread] [deprecation/deprecation.py:146]: [DEPRECATED] BarBlurEffect: 'acrylic' - No longer supported and can be removed from the config.
2026-08-15 11:04:38,316 [INFO] [MainThread] [root/controller.py:21]: Reloading Application because of config change.
2026-08-15 11:04:38,416 [INFO] [MainThread] [cli_server/cli_server.py:114]: Log pipe server stopped
2026-08-15 11:04:38,436 [INFO] [MainThread] [root/bar_manager.py:93]: Successfully loaded updated config and re-initialised all bars.
2026-08-15 11:04:38,545 [INFO] [MainThread] [root/bar_manager.py:119]: Stopping SystemEventListener...
2026-08-15 11:04:38,588 [INFO] [MainThread] [root/bar_manager.py:119]: Stopping KomorebiEventListener...
2026-08-15 11:04:39,002 [INFO] [MainThread] [root/log.py:104]: YASB v2.0.6
2026-08-15 11:04:39,002 [INFO] [CLIPipeServer] [cli_server/cli_server.py:216]: CLI server started v1.1.7
2026-08-15 11:04:39,003 [INFO] [MainThread] [cli_server/cli_server.py:106]: Log pipe server started
2026-08-15 11:04:39,054 [WARNING] [MainThread] [deprecation/deprecation.py:146]: [DEPRECATED] BarAlignment: 'center' - Use 'align' instead.
2026-08-15 11:04:39,054 [WARNING] [MainThread] [deprecation/deprecation.py:146]: [DEPRECATED] BarBlurEffect: 'acrylic' - No longer supported and can be removed from the config.
2026-08-15 11:04:39,077 [WARNING] [MainThread] [deprecation/deprecation.py:146]: [DEPRECATED] HomeConfig: 'distance' - Use 'offset_top' instead.
2026-08-15 11:04:39,077 [WARNING] [MainThread] [deprecation/deprecation.py:146]: [DEPRECATED] HomeConfig: 'container_padding' - Use CSS padding instead.
2026-08-15 11:04:39,117 [WARNING] [MainThread] [deprecation/deprecation.py:146]: [DEPRECATED] KomorebiWorkspacesConfig: 'animation' - Use CSS animations instead.
2026-08-15 11:04:39,920 [WARNING] [MainThread] [deprecation/deprecation.py:146]: [DEPRECATED] CavaConfig: 'container_padding' - Use CSS padding instead.
2026-08-15 11:04:40,060 [WARNING] [MainThread] [deprecation/deprecation.py:150]: [DEPRECATED] VolumeConfig: 'volume_icons' renamed to 'icons' - Use 'icons' with the dictionary format instead.
2026-08-15 11:04:40,071 [INFO] [MainThread] [root/service.py:52]: AudioOutputService starting...
2026-08-15 11:04:40,168 [WARNING] [MainThread] [deprecation/deprecation.py:146]: [DEPRECATED] GroupLabelConfig: 'distance' - Use 'offset_top' instead.
2026-08-15 11:04:40,195 [WARNING] [MainThread] [deprecation/deprecation.py:146]: [DEPRECATED] GalleryConfig: 'lazy_load_delay' - No longer supported and can be removed from the config.
2026-08-15 11:04:40,196 [WARNING] [MainThread] [deprecation/deprecation.py:146]: [DEPRECATED] GalleryConfig: 'enable_cache' - No longer supported and can be removed from the config.
2026-08-15 11:04:40,315 [INFO] [MainThread] [root/bar_manager.py:103]: Starting KomorebiEventListener...
2026-08-15 11:04:40,316 [INFO] [MainThread] [root/bar_manager.py:103]: Starting SystemEventListener...
2026-08-15 11:04:40,317 [INFO] [MainThread] [root/watcher.py:65]: Watching directory: c:\users\lowie\.config\yasb
2026-08-15 11:04:40,317 [INFO] [MainThread] [root/watcher.py:104]: Created file watcher
2026-08-15 11:04:40,498 [INFO] [Dummy-7] [root/event_listener.py:54]: Created named pipe yasb-591bb9b7-9888-11f1-b122-9c67d6e32e56
2026-08-15 11:04:40,627 [WARNING] [Dummy-7] [root/event_listener.py:136]: Komorebi failed to subscribe named pipe. 'komorebic.exe' is not recognized as an internal or external command, operable program or batch file.
2026-08-15 11:04:55,537 [WARNING] [MainThread] [deprecation/deprecation.py:146]: [DEPRECATED] BarAlignment: 'center' - Use 'align' instead.
2026-08-15 11:04:55,537 [WARNING] [MainThread] [deprecation/deprecation.py:146]: [DEPRECATED] BarBlurEffect: 'acrylic' - No longer supported and can be removed from the config.
2026-08-15 11:04:55,538 [INFO] [MainThread] [root/controller.py:21]: Reloading Application because of config change.
2026-08-15 11:04:55,644 [INFO] [MainThread] [cli_server/cli_server.py:114]: Log pipe server stopped
2026-08-15 11:04:55,666 [INFO] [MainThread] [root/bar_manager.py:93]: Successfully loaded updated config and re-initialised all bars.
2026-08-15 11:04:55,767 [INFO] [MainThread] [root/bar_manager.py:119]: Stopping KomorebiEventListener...
2026-08-15 11:04:55,782 [INFO] [MainThread] [root/bar_manager.py:119]: Stopping SystemEventListener...
2026-08-15 11:04:56,240 [INFO] [MainThread] [root/log.py:104]: YASB v2.0.6
2026-08-15 11:04:56,241 [INFO] [CLIPipeServer] [cli_server/cli_server.py:216]: CLI server started v1.1.7
2026-08-15 11:04:56,241 [INFO] [MainThread] [cli_server/cli_server.py:106]: Log pipe server started
2026-08-15 11:04:56,291 [WARNING] [MainThread] [deprecation/deprecation.py:146]: [DEPRECATED] BarAlignment: 'center' - Use 'align' instead.
2026-08-15 11:04:56,291 [WARNING] [MainThread] [deprecation/deprecation.py:146]: [DEPRECATED] BarBlurEffect: 'acrylic' - No longer supported and can be removed from the config.
2026-08-15 11:04:56,315 [WARNING] [MainThread] [deprecation/deprecation.py:146]: [DEPRECATED] HomeConfig: 'distance' - Use 'offset_top' instead.
2026-08-15 11:04:56,315 [WARNING] [MainThread] [deprecation/deprecation.py:146]: [DEPRECATED] HomeConfig: 'container_padding' - Use CSS padding instead.
2026-08-15 11:04:56,352 [WARNING] [MainThread] [deprecation/deprecation.py:146]: [DEPRECATED] KomorebiWorkspacesConfig: 'animation' - Use CSS animations instead.
2026-08-15 11:04:57,105 [WARNING] [MainThread] [deprecation/deprecation.py:146]: [DEPRECATED] CavaConfig: 'container_padding' - Use CSS padding instead.
2026-08-15 11:04:57,245 [WARNING] [MainThread] [deprecation/deprecation.py:150]: [DEPRECATED] VolumeConfig: 'volume_icons' renamed to 'icons' - Use 'icons' with the dictionary format instead.
2026-08-15 11:04:57,257 [INFO] [MainThread] [root/service.py:52]: AudioOutputService starting...
2026-08-15 11:04:57,359 [WARNING] [MainThread] [deprecation/deprecation.py:146]: [DEPRECATED] GroupLabelConfig: 'distance' - Use 'offset_top' instead.
2026-08-15 11:04:57,388 [WARNING] [MainThread] [deprecation/deprecation.py:146]: [DEPRECATED] GalleryConfig: 'lazy_load_delay' - No longer supported and can be removed from the config.
2026-08-15 11:04:57,388 [WARNING] [MainThread] [deprecation/deprecation.py:146]: [DEPRECATED] GalleryConfig: 'enable_cache' - No longer supported and can be removed from the config.
2026-08-15 11:04:57,507 [INFO] [MainThread] [root/bar_manager.py:103]: Starting KomorebiEventListener...
2026-08-15 11:04:57,508 [INFO] [MainThread] [root/bar_manager.py:103]: Starting SystemEventListener...
2026-08-15 11:04:57,509 [INFO] [MainThread] [root/watcher.py:65]: Watching directory: c:\users\lowie\.config\yasb
2026-08-15 11:04:57,509 [INFO] [MainThread] [root/watcher.py:104]: Created file watcher
2026-08-15 11:04:57,646 [INFO] [Dummy-7] [root/event_listener.py:54]: Created named pipe yasb-635b0d5c-9888-11f1-b031-9c67d6e32e56
2026-08-15 11:04:57,796 [WARNING] [Dummy-7] [root/event_listener.py:136]: Komorebi failed to subscribe named pipe. 'komorebic.exe' is not recognized as an internal or external command, operable program or batch file.
2026-08-15 11:05:04,879 [ERROR] [MainThread] [root/config.py:113]: The file 'C:\Users\lowie\.config\yasb\config.yaml' contains Parser Error(s). Please fix:
while parsing a flow sequence
  in "C:\Users\lowie\.config\yasb\config.yaml", line 44, column 9
expected ',' or ']', but got '<scalar>'
  in "C:\Users\lowie\.config\yasb\config.yaml", line 52, column 11
2026-08-15 11:05:07,180 [WARNING] [MainThread] [deprecation/deprecation.py:146]: [DEPRECATED] BarAlignment: 'center' - Use 'align' instead.
2026-08-15 11:05:07,180 [WARNING] [MainThread] [deprecation/deprecation.py:146]: [DEPRECATED] BarBlurEffect: 'acrylic' - No longer supported and can be removed from the config.
2026-08-15 11:05:07,181 [INFO] [MainThread] [root/controller.py:21]: Reloading Application because of config change.
2026-08-15 11:05:07,285 [INFO] [MainThread] [cli_server/cli_server.py:114]: Log pipe server stopped
2026-08-15 11:05:07,304 [INFO] [MainThread] [root/bar_manager.py:93]: Successfully loaded updated config and re-initialised all bars.
2026-08-15 11:05:07,420 [INFO] [MainThread] [root/bar_manager.py:119]: Stopping KomorebiEventListener...
2026-08-15 11:05:07,437 [INFO] [MainThread] [root/bar_manager.py:119]: Stopping SystemEventListener...
2026-08-15 11:05:07,880 [INFO] [MainThread] [root/log.py:104]: YASB v2.0.6
2026-08-15 11:05:07,881 [INFO] [CLIPipeServer] [cli_server/cli_server.py:216]: CLI server started v1.1.7
2026-08-15 11:05:07,881 [INFO] [MainThread] [cli_server/cli_server.py:106]: Log pipe server started
2026-08-15 11:05:07,932 [WARNING] [MainThread] [deprecation/deprecation.py:146]: [DEPRECATED] BarAlignment: 'center' - Use 'align' instead.
2026-08-15 11:05:07,933 [WARNING] [MainThread] [deprecation/deprecation.py:146]: [DEPRECATED] BarBlurEffect: 'acrylic' - No longer supported and can be removed from the config.
2026-08-15 11:05:07,956 [WARNING] [MainThread] [deprecation/deprecation.py:146]: [DEPRECATED] HomeConfig: 'distance' - Use 'offset_top' instead.
2026-08-15 11:05:07,956 [WARNING] [MainThread] [deprecation/deprecation.py:146]: [DEPRECATED] HomeConfig: 'container_padding' - Use CSS padding instead.
2026-08-15 11:05:07,995 [WARNING] [MainThread] [deprecation/deprecation.py:146]: [DEPRECATED] KomorebiWorkspacesConfig: 'animation' - Use CSS animations instead.
2026-08-15 11:05:08,777 [WARNING] [MainThread] [deprecation/deprecation.py:146]: [DEPRECATED] CavaConfig: 'container_padding' - Use CSS padding instead.
2026-08-15 11:05:08,943 [WARNING] [MainThread] [deprecation/deprecation.py:150]: [DEPRECATED] VolumeConfig: 'volume_icons' renamed to 'icons' - Use 'icons' with the dictionary format instead.
2026-08-15 11:05:08,954 [INFO] [MainThread] [root/service.py:52]: AudioOutputService starting...
2026-08-15 11:05:09,070 [WARNING] [MainThread] [deprecation/deprecation.py:146]: [DEPRECATED] GroupLabelConfig: 'distance' - Use 'offset_top' instead.
2026-08-15 11:05:09,099 [WARNING] [MainThread] [deprecation/deprecation.py:146]: [DEPRECATED] GalleryConfig: 'lazy_load_delay' - No longer supported and can be removed from the config.
2026-08-15 11:05:09,099 [WARNING] [MainThread] [deprecation/deprecation.py:146]: [DEPRECATED] GalleryConfig: 'enable_cache' - No longer supported and can be removed from the config.
2026-08-15 11:05:09,220 [INFO] [MainThread] [root/bar_manager.py:103]: Starting KomorebiEventListener...
2026-08-15 11:05:09,221 [INFO] [MainThread] [root/bar_manager.py:103]: Starting SystemEventListener...
2026-08-15 11:05:09,222 [INFO] [MainThread] [root/watcher.py:65]: Watching directory: c:\users\lowie\.config\yasb
2026-08-15 11:05:09,223 [INFO] [MainThread] [root/watcher.py:104]: Created file watcher
2026-08-15 11:05:09,387 [INFO] [Dummy-7] [root/event_listener.py:54]: Created named pipe yasb-6a564dd1-9888-11f1-abde-9c67d6e32e56
2026-08-15 11:05:09,509 [WARNING] [Dummy-7] [root/event_listener.py:136]: Komorebi failed to subscribe named pipe. 'komorebic.exe' is not recognized as an internal or external command, operable program or batch file.
2026-08-15 11:05:40,337 [WARNING] [MainThread] [deprecation/deprecation.py:146]: [DEPRECATED] BarAlignment: 'center' - Use 'align' instead.
2026-08-15 11:05:40,338 [WARNING] [MainThread] [deprecation/deprecation.py:146]: [DEPRECATED] BarBlurEffect: 'acrylic' - No longer supported and can be removed from the config.
2026-08-15 11:05:40,339 [INFO] [MainThread] [root/controller.py:21]: Reloading Application because of config change.
2026-08-15 11:05:40,449 [INFO] [MainThread] [cli_server/cli_server.py:114]: Log pipe server stopped
2026-08-15 11:05:40,467 [INFO] [MainThread] [root/bar_manager.py:93]: Successfully loaded updated config and re-initialised all bars.
2026-08-15 11:05:40,595 [INFO] [MainThread] [root/bar_manager.py:119]: Stopping KomorebiEventListener...
2026-08-15 11:05:40,604 [INFO] [MainThread] [root/bar_manager.py:119]: Stopping SystemEventListener...
2026-08-15 11:05:41,030 [INFO] [MainThread] [root/log.py:104]: YASB v2.0.6
2026-08-15 11:05:41,031 [INFO] [CLIPipeServer] [cli_server/cli_server.py:216]: CLI server started v1.1.7
2026-08-15 11:05:41,031 [INFO] [MainThread] [cli_server/cli_server.py:106]: Log pipe server started
2026-08-15 11:05:41,082 [WARNING] [MainThread] [deprecation/deprecation.py:146]: [DEPRECATED] BarAlignment: 'center' - Use 'align' instead.
2026-08-15 11:05:41,083 [WARNING] [MainThread] [deprecation/deprecation.py:146]: [DEPRECATED] BarBlurEffect: 'acrylic' - No longer supported and can be removed from the config.
2026-08-15 11:05:41,106 [WARNING] [MainThread] [deprecation/deprecation.py:146]: [DEPRECATED] HomeConfig: 'distance' - Use 'offset_top' instead.
2026-08-15 11:05:41,106 [WARNING] [MainThread] [deprecation/deprecation.py:146]: [DEPRECATED] HomeConfig: 'container_padding' - Use CSS padding instead.
2026-08-15 11:05:41,143 [WARNING] [MainThread] [deprecation/deprecation.py:146]: [DEPRECATED] KomorebiWorkspacesConfig: 'animation' - Use CSS animations instead.
2026-08-15 11:05:41,844 [WARNING] [MainThread] [deprecation/deprecation.py:146]: [DEPRECATED] CavaConfig: 'container_padding' - Use CSS padding instead.
2026-08-15 11:05:41,975 [WARNING] [MainThread] [deprecation/deprecation.py:150]: [DEPRECATED] VolumeConfig: 'volume_icons' renamed to 'icons' - Use 'icons' with the dictionary format instead.
2026-08-15 11:05:41,987 [INFO] [MainThread] [root/service.py:52]: AudioOutputService starting...
2026-08-15 11:05:42,104 [WARNING] [MainThread] [deprecation/deprecation.py:146]: [DEPRECATED] GroupLabelConfig: 'distance' - Use 'offset_top' instead.
2026-08-15 11:05:42,133 [WARNING] [MainThread] [deprecation/deprecation.py:146]: [DEPRECATED] GalleryConfig: 'lazy_load_delay' - No longer supported and can be removed from the config.
2026-08-15 11:05:42,133 [WARNING] [MainThread] [deprecation/deprecation.py:146]: [DEPRECATED] GalleryConfig: 'enable_cache' - No longer supported and can be removed from the config.
2026-08-15 11:05:42,246 [INFO] [MainThread] [root/bar_manager.py:103]: Starting SystemEventListener...
2026-08-15 11:05:42,247 [INFO] [MainThread] [root/bar_manager.py:103]: Starting KomorebiEventListener...
2026-08-15 11:05:42,248 [INFO] [MainThread] [root/watcher.py:65]: Watching directory: c:\users\lowie\.config\yasb
2026-08-15 11:05:42,248 [INFO] [MainThread] [root/watcher.py:104]: Created file watcher
2026-08-15 11:05:42,406 [INFO] [Dummy-7] [root/event_listener.py:54]: Created named pipe yasb-7e05b426-9888-11f1-8003-9c67d6e32e56
2026-08-15 11:05:42,536 [WARNING] [Dummy-7] [root/event_listener.py:136]: Komorebi failed to subscribe named pipe. 'komorebic.exe' is not recognized as an internal or external command, operable program or batch file.
2026-08-15 11:05:44,607 [WARNING] [MainThread] [deprecation/deprecation.py:146]: [DEPRECATED] BarAlignment: 'center' - Use 'align' instead.
2026-08-15 11:05:44,607 [WARNING] [MainThread] [deprecation/deprecation.py:146]: [DEPRECATED] BarBlurEffect: 'acrylic' - No longer supported and can be removed from the config.
2026-08-15 11:05:44,608 [INFO] [MainThread] [root/controller.py:21]: Reloading Application because of config change.
2026-08-15 11:05:44,722 [INFO] [MainThread] [cli_server/cli_server.py:114]: Log pipe server stopped
2026-08-15 11:05:44,742 [INFO] [MainThread] [root/bar_manager.py:93]: Successfully loaded updated config and re-initialised all bars.
2026-08-15 11:05:44,885 [INFO] [MainThread] [root/bar_manager.py:119]: Stopping SystemEventListener...
2026-08-15 11:05:44,927 [INFO] [MainThread] [root/bar_manager.py:119]: Stopping KomorebiEventListener...
2026-08-15 11:05:45,330 [INFO] [MainThread] [root/log.py:104]: YASB v2.0.6
2026-08-15 11:05:45,331 [INFO] [CLIPipeServer] [cli_server/cli_server.py:216]: CLI server started v1.1.7
2026-08-15 11:05:45,331 [INFO] [MainThread] [cli_server/cli_server.py:106]: Log pipe server started
2026-08-15 11:05:45,378 [WARNING] [MainThread] [deprecation/deprecation.py:146]: [DEPRECATED] BarAlignment: 'center' - Use 'align' instead.
2026-08-15 11:05:45,379 [WARNING] [MainThread] [deprecation/deprecation.py:146]: [DEPRECATED] BarBlurEffect: 'acrylic' - No longer supported and can be removed from the config.
2026-08-15 11:05:45,401 [WARNING] [MainThread] [deprecation/deprecation.py:146]: [DEPRECATED] HomeConfig: 'distance' - Use 'offset_top' instead.
2026-08-15 11:05:45,401 [WARNING] [MainThread] [deprecation/deprecation.py:146]: [DEPRECATED] HomeConfig: 'container_padding' - Use CSS padding instead.
2026-08-15 11:05:45,438 [WARNING] [MainThread] [deprecation/deprecation.py:146]: [DEPRECATED] KomorebiWorkspacesConfig: 'animation' - Use CSS animations instead.
2026-08-15 11:05:46,079 [WARNING] [MainThread] [deprecation/deprecation.py:146]: [DEPRECATED] CavaConfig: 'container_padding' - Use CSS padding instead.
2026-08-15 11:05:46,203 [WARNING] [MainThread] [deprecation/deprecation.py:150]: [DEPRECATED] VolumeConfig: 'volume_icons' renamed to 'icons' - Use 'icons' with the dictionary format instead.
2026-08-15 11:05:46,215 [INFO] [MainThread] [root/service.py:52]: AudioOutputService starting...
2026-08-15 11:05:46,324 [WARNING] [MainThread] [deprecation/deprecation.py:146]: [DEPRECATED] GroupLabelConfig: 'distance' - Use 'offset_top' instead.
2026-08-15 11:05:46,354 [WARNING] [MainThread] [deprecation/deprecation.py:146]: [DEPRECATED] GalleryConfig: 'lazy_load_delay' - No longer supported and can be removed from the config.
2026-08-15 11:05:46,354 [WARNING] [MainThread] [deprecation/deprecation.py:146]: [DEPRECATED] GalleryConfig: 'enable_cache' - No longer supported and can be removed from the config.
2026-08-15 11:05:46,479 [INFO] [MainThread] [root/bar_manager.py:103]: Starting KomorebiEventListener...
2026-08-15 11:05:46,480 [INFO] [MainThread] [root/bar_manager.py:103]: Starting SystemEventListener...
2026-08-15 11:05:46,481 [INFO] [MainThread] [root/watcher.py:65]: Watching directory: c:\users\lowie\.config\yasb
2026-08-15 11:05:46,481 [INFO] [MainThread] [root/watcher.py:104]: Created file watcher
2026-08-15 11:05:46,622 [INFO] [Dummy-7] [root/event_listener.py:54]: Created named pipe yasb-808b8b69-9888-11f1-aba7-9c67d6e32e56
2026-08-15 11:05:46,761 [WARNING] [Dummy-7] [root/event_listener.py:136]: Komorebi failed to subscribe named pipe. 'komorebic.exe' is not recognized as an internal or external command, operable program or batch file.
2026-08-15 11:05:52,420 [WARNING] [MainThread] [deprecation/deprecation.py:146]: [DEPRECATED] BarAlignment: 'center' - Use 'align' instead.
2026-08-15 11:05:52,420 [WARNING] [MainThread] [deprecation/deprecation.py:146]: [DEPRECATED] BarBlurEffect: 'acrylic' - No longer supported and can be removed from the config.
2026-08-15 11:05:52,421 [INFO] [MainThread] [root/controller.py:21]: Reloading Application because of config change.
2026-08-15 11:05:52,531 [INFO] [MainThread] [cli_server/cli_server.py:114]: Log pipe server stopped
2026-08-15 11:05:52,554 [INFO] [MainThread] [root/bar_manager.py:93]: Successfully loaded updated config and re-initialised all bars.
2026-08-15 11:05:52,676 [INFO] [MainThread] [root/bar_manager.py:119]: Stopping KomorebiEventListener...
2026-08-15 11:05:52,696 [INFO] [MainThread] [root/bar_manager.py:119]: Stopping SystemEventListener...
2026-08-15 11:05:53,144 [INFO] [MainThread] [root/log.py:104]: YASB v2.0.6
2026-08-15 11:05:53,144 [INFO] [CLIPipeServer] [cli_server/cli_server.py:216]: CLI server started v1.1.7
2026-08-15 11:05:53,145 [INFO] [MainThread] [cli_server/cli_server.py:106]: Log pipe server started
2026-08-15 11:05:53,195 [WARNING] [MainThread] [deprecation/deprecation.py:146]: [DEPRECATED] BarAlignment: 'center' - Use 'align' instead.
2026-08-15 11:05:53,195 [WARNING] [MainThread] [deprecation/deprecation.py:146]: [DEPRECATED] BarBlurEffect: 'acrylic' - No longer supported and can be removed from the config.
2026-08-15 11:05:53,217 [WARNING] [MainThread] [deprecation/deprecation.py:146]: [DEPRECATED] HomeConfig: 'distance' - Use 'offset_top' instead.
2026-08-15 11:05:53,217 [WARNING] [MainThread] [deprecation/deprecation.py:146]: [DEPRECATED] HomeConfig: 'container_padding' - Use CSS padding instead.
2026-08-15 11:05:53,263 [WARNING] [MainThread] [deprecation/deprecation.py:146]: [DEPRECATED] KomorebiWorkspacesConfig: 'animation' - Use CSS animations instead.
2026-08-15 11:05:53,942 [WARNING] [MainThread] [deprecation/deprecation.py:146]: [DEPRECATED] CavaConfig: 'container_padding' - Use CSS padding instead.
2026-08-15 11:05:54,073 [WARNING] [MainThread] [deprecation/deprecation.py:150]: [DEPRECATED] VolumeConfig: 'volume_icons' renamed to 'icons' - Use 'icons' with the dictionary format instead.
2026-08-15 11:05:54,085 [INFO] [MainThread] [root/service.py:52]: AudioOutputService starting...
2026-08-15 11:05:54,195 [WARNING] [MainThread] [deprecation/deprecation.py:146]: [DEPRECATED] GroupLabelConfig: 'distance' - Use 'offset_top' instead.
2026-08-15 11:05:54,224 [WARNING] [MainThread] [deprecation/deprecation.py:146]: [DEPRECATED] GalleryConfig: 'lazy_load_delay' - No longer supported and can be removed from the config.
2026-08-15 11:05:54,224 [WARNING] [MainThread] [deprecation/deprecation.py:146]: [DEPRECATED] GalleryConfig: 'enable_cache' - No longer supported and can be removed from the config.
2026-08-15 11:05:54,341 [INFO] [MainThread] [root/bar_manager.py:103]: Starting KomorebiEventListener...
2026-08-15 11:05:54,341 [INFO] [MainThread] [root/bar_manager.py:103]: Starting SystemEventListener...
2026-08-15 11:05:54,342 [INFO] [MainThread] [root/watcher.py:65]: Watching directory: c:\users\lowie\.config\yasb
2026-08-15 11:05:54,342 [INFO] [MainThread] [root/watcher.py:104]: Created file watcher
2026-08-15 11:05:54,510 [INFO] [Dummy-7] [root/event_listener.py:54]: Created named pipe yasb-853b2615-9888-11f1-93a3-9c67d6e32e56
2026-08-15 11:05:54,611 [WARNING] [Dummy-7] [root/event_listener.py:136]: Komorebi failed to subscribe named pipe. 'komorebic.exe' is not recognized as an internal or external command, operable program or batch file.
2026-08-15 11:05:56,638 [WARNING] [MainThread] [deprecation/deprecation.py:146]: [DEPRECATED] BarAlignment: 'center' - Use 'align' instead.
2026-08-15 11:05:56,638 [WARNING] [MainThread] [deprecation/deprecation.py:146]: [DEPRECATED] BarBlurEffect: 'acrylic' - No longer supported and can be removed from the config.
2026-08-15 11:05:56,639 [INFO] [MainThread] [root/controller.py:21]: Reloading Application because of config change.
2026-08-15 11:05:56,747 [INFO] [MainThread] [cli_server/cli_server.py:114]: Log pipe server stopped
2026-08-15 11:05:56,769 [INFO] [MainThread] [root/bar_manager.py:93]: Successfully loaded updated config and re-initialised all bars.
2026-08-15 11:05:56,887 [INFO] [MainThread] [root/bar_manager.py:119]: Stopping KomorebiEventListener...
2026-08-15 11:05:56,901 [INFO] [MainThread] [root/bar_manager.py:119]: Stopping SystemEventListener...
2026-08-15 11:05:57,330 [INFO] [MainThread] [root/log.py:104]: YASB v2.0.6
2026-08-15 11:05:57,330 [INFO] [CLIPipeServer] [cli_server/cli_server.py:216]: CLI server started v1.1.7
2026-08-15 11:05:57,330 [INFO] [MainThread] [cli_server/cli_server.py:106]: Log pipe server started
2026-08-15 11:05:57,377 [WARNING] [MainThread] [deprecation/deprecation.py:146]: [DEPRECATED] BarAlignment: 'center' - Use 'align' instead.
2026-08-15 11:05:57,377 [WARNING] [MainThread] [deprecation/deprecation.py:146]: [DEPRECATED] BarBlurEffect: 'acrylic' - No longer supported and can be removed from the config.
2026-08-15 11:05:57,399 [WARNING] [MainThread] [deprecation/deprecation.py:146]: [DEPRECATED] HomeConfig: 'distance' - Use 'offset_top' instead.
2026-08-15 11:05:57,399 [WARNING] [MainThread] [deprecation/deprecation.py:146]: [DEPRECATED] HomeConfig: 'container_padding' - Use CSS padding instead.
2026-08-15 11:05:57,434 [WARNING] [MainThread] [deprecation/deprecation.py:146]: [DEPRECATED] KomorebiWorkspacesConfig: 'animation' - Use CSS animations instead.
2026-08-15 11:05:58,016 [WARNING] [MainThread] [deprecation/deprecation.py:146]: [DEPRECATED] CavaConfig: 'container_padding' - Use CSS padding instead.
2026-08-15 11:05:58,148 [WARNING] [MainThread] [deprecation/deprecation.py:150]: [DEPRECATED] VolumeConfig: 'volume_icons' renamed to 'icons' - Use 'icons' with the dictionary format instead.
2026-08-15 11:05:58,161 [INFO] [MainThread] [root/service.py:52]: AudioOutputService starting...
2026-08-15 11:05:58,266 [WARNING] [MainThread] [deprecation/deprecation.py:146]: [DEPRECATED] GroupLabelConfig: 'distance' - Use 'offset_top' instead.
2026-08-15 11:05:58,293 [WARNING] [MainThread] [deprecation/deprecation.py:146]: [DEPRECATED] GalleryConfig: 'lazy_load_delay' - No longer supported and can be removed from the config.
2026-08-15 11:05:58,294 [WARNING] [MainThread] [deprecation/deprecation.py:146]: [DEPRECATED] GalleryConfig: 'enable_cache' - No longer supported and can be removed from the config.
2026-08-15 11:05:58,412 [INFO] [MainThread] [root/bar_manager.py:103]: Starting SystemEventListener...
2026-08-15 11:05:58,413 [INFO] [MainThread] [root/bar_manager.py:103]: Starting KomorebiEventListener...
2026-08-15 11:05:58,414 [INFO] [MainThread] [root/watcher.py:65]: Watching directory: c:\users\lowie\.config\yasb
2026-08-15 11:05:58,414 [INFO] [MainThread] [root/watcher.py:104]: Created file watcher
2026-08-15 11:05:58,579 [INFO] [Dummy-7] [root/event_listener.py:54]: Created named pipe yasb-87a87176-9888-11f1-ae1e-9c67d6e32e56
2026-08-15 11:05:58,688 [WARNING] [Dummy-7] [root/event_listener.py:136]: Komorebi failed to subscribe named pipe. 'komorebic.exe' is not recognized as an internal or external command, operable program or batch file.
2026-08-15 11:06:00,501 [WARNING] [MainThread] [deprecation/deprecation.py:146]: [DEPRECATED] BarAlignment: 'center' - Use 'align' instead.
2026-08-15 11:06:00,501 [WARNING] [MainThread] [deprecation/deprecation.py:146]: [DEPRECATED] BarBlurEffect: 'acrylic' - No longer supported and can be removed from the config.
2026-08-15 11:06:00,502 [INFO] [MainThread] [root/controller.py:21]: Reloading Application because of config change.
2026-08-15 11:06:00,618 [INFO] [MainThread] [cli_server/cli_server.py:114]: Log pipe server stopped
2026-08-15 11:06:00,642 [INFO] [MainThread] [root/bar_manager.py:93]: Successfully loaded updated config and re-initialised all bars.
2026-08-15 11:06:00,768 [INFO] [MainThread] [root/bar_manager.py:119]: Stopping SystemEventListener...
2026-08-15 11:06:00,810 [INFO] [MainThread] [root/bar_manager.py:119]: Stopping KomorebiEventListener...
2026-08-15 11:06:01,195 [INFO] [MainThread] [root/log.py:104]: YASB v2.0.6
2026-08-15 11:06:01,196 [INFO] [CLIPipeServer] [cli_server/cli_server.py:216]: CLI server started v1.1.7
2026-08-15 11:06:01,196 [INFO] [MainThread] [cli_server/cli_server.py:106]: Log pipe server started
2026-08-15 11:06:01,242 [WARNING] [MainThread] [deprecation/deprecation.py:146]: [DEPRECATED] BarAlignment: 'center' - Use 'align' instead.
2026-08-15 11:06:01,242 [WARNING] [MainThread] [deprecation/deprecation.py:146]: [DEPRECATED] BarBlurEffect: 'acrylic' - No longer supported and can be removed from the config.
2026-08-15 11:06:01,265 [WARNING] [MainThread] [deprecation/deprecation.py:146]: [DEPRECATED] HomeConfig: 'distance' - Use 'offset_top' instead.
2026-08-15 11:06:01,265 [WARNING] [MainThread] [deprecation/deprecation.py:146]: [DEPRECATED] HomeConfig: 'container_padding' - Use CSS padding instead.
2026-08-15 11:06:01,301 [WARNING] [MainThread] [deprecation/deprecation.py:146]: [DEPRECATED] KomorebiWorkspacesConfig: 'animation' - Use CSS animations instead.
2026-08-15 11:06:02,008 [WARNING] [MainThread] [deprecation/deprecation.py:146]: [DEPRECATED] CavaConfig: 'container_padding' - Use CSS padding instead.
2026-08-15 11:06:02,130 [WARNING] [MainThread] [deprecation/deprecation.py:150]: [DEPRECATED] VolumeConfig: 'volume_icons' renamed to 'icons' - Use 'icons' with the dictionary format instead.
2026-08-15 11:06:02,142 [INFO] [MainThread] [root/service.py:52]: AudioOutputService starting...
2026-08-15 11:06:02,257 [WARNING] [MainThread] [deprecation/deprecation.py:146]: [DEPRECATED] GroupLabelConfig: 'distance' - Use 'offset_top' instead.
2026-08-15 11:06:02,284 [WARNING] [MainThread] [deprecation/deprecation.py:146]: [DEPRECATED] GalleryConfig: 'lazy_load_delay' - No longer supported and can be removed from the config.
2026-08-15 11:06:02,284 [WARNING] [MainThread] [deprecation/deprecation.py:146]: [DEPRECATED] GalleryConfig: 'enable_cache' - No longer supported and can be removed from the config.
2026-08-15 11:06:02,401 [INFO] [MainThread] [root/bar_manager.py:103]: Starting KomorebiEventListener...
2026-08-15 11:06:02,402 [INFO] [MainThread] [root/bar_manager.py:103]: Starting SystemEventListener...
2026-08-15 11:06:02,403 [INFO] [MainThread] [root/watcher.py:65]: Watching directory: c:\users\lowie\.config\yasb
2026-08-15 11:06:02,404 [INFO] [MainThread] [root/watcher.py:104]: Created file watcher
2026-08-15 11:06:02,572 [INFO] [Dummy-7] [root/event_listener.py:54]: Created named pipe yasb-8a091658-9888-11f1-a28e-9c67d6e32e56
2026-08-15 11:06:02,679 [WARNING] [Dummy-7] [root/event_listener.py:136]: Komorebi failed to subscribe named pipe. 'komorebic.exe' is not recognized as an internal or external command, operable program or batch file.
2026-08-15 11:08:26,665 [WARNING] [MainThread] [deprecation/deprecation.py:146]: [DEPRECATED] BarAlignment: 'center' - Use 'align' instead.
2026-08-15 11:08:26,665 [WARNING] [MainThread] [deprecation/deprecation.py:146]: [DEPRECATED] BarBlurEffect: 'acrylic' - No longer supported and can be removed from the config.
2026-08-15 11:08:26,667 [INFO] [MainThread] [root/controller.py:21]: Reloading Application because of config change.
2026-08-15 11:08:26,769 [INFO] [MainThread] [cli_server/cli_server.py:114]: Log pipe server stopped
2026-08-15 11:08:26,791 [INFO] [MainThread] [root/bar_manager.py:93]: Successfully loaded updated config and re-initialised all bars.
2026-08-15 11:08:26,902 [INFO] [MainThread] [root/bar_manager.py:119]: Stopping KomorebiEventListener...
2026-08-15 11:08:26,917 [INFO] [MainThread] [root/bar_manager.py:119]: Stopping SystemEventListener...
2026-08-15 11:08:27,358 [INFO] [MainThread] [root/log.py:104]: YASB v2.0.6
2026-08-15 11:08:27,358 [INFO] [CLIPipeServer] [cli_server/cli_server.py:216]: CLI server started v1.1.7
2026-08-15 11:08:27,359 [INFO] [MainThread] [cli_server/cli_server.py:106]: Log pipe server started
2026-08-15 11:08:27,407 [WARNING] [MainThread] [deprecation/deprecation.py:146]: [DEPRECATED] BarAlignment: 'center' - Use 'align' instead.
2026-08-15 11:08:27,408 [WARNING] [MainThread] [deprecation/deprecation.py:146]: [DEPRECATED] BarBlurEffect: 'acrylic' - No longer supported and can be removed from the config.
2026-08-15 11:08:27,429 [WARNING] [MainThread] [deprecation/deprecation.py:146]: [DEPRECATED] HomeConfig: 'distance' - Use 'offset_top' instead.
2026-08-15 11:08:27,429 [WARNING] [MainThread] [deprecation/deprecation.py:146]: [DEPRECATED] HomeConfig: 'container_padding' - Use CSS padding instead.
2026-08-15 11:08:27,465 [WARNING] [MainThread] [deprecation/deprecation.py:146]: [DEPRECATED] KomorebiWorkspacesConfig: 'animation' - Use CSS animations instead.
2026-08-15 11:08:28,094 [WARNING] [MainThread] [deprecation/deprecation.py:146]: [DEPRECATED] CavaConfig: 'container_padding' - Use CSS padding instead.
2026-08-15 11:08:28,218 [WARNING] [MainThread] [deprecation/deprecation.py:150]: [DEPRECATED] VolumeConfig: 'volume_icons' renamed to 'icons' - Use 'icons' with the dictionary format instead.
2026-08-15 11:08:28,231 [INFO] [MainThread] [root/service.py:52]: AudioOutputService starting...
2026-08-15 11:08:28,335 [WARNING] [MainThread] [deprecation/deprecation.py:146]: [DEPRECATED] GroupLabelConfig: 'distance' - Use 'offset_top' instead.
2026-08-15 11:08:28,362 [WARNING] [MainThread] [deprecation/deprecation.py:146]: [DEPRECATED] GalleryConfig: 'lazy_load_delay' - No longer supported and can be removed from the config.
2026-08-15 11:08:28,363 [WARNING] [MainThread] [deprecation/deprecation.py:146]: [DEPRECATED] GalleryConfig: 'enable_cache' - No longer supported and can be removed from the config.
2026-08-15 11:08:28,481 [INFO] [MainThread] [root/bar_manager.py:103]: Starting KomorebiEventListener...
2026-08-15 11:08:28,481 [INFO] [MainThread] [root/bar_manager.py:103]: Starting SystemEventListener...
2026-08-15 11:08:28,482 [INFO] [MainThread] [root/watcher.py:65]: Watching directory: c:\users\lowie\.config\yasb
2026-08-15 11:08:28,483 [INFO] [MainThread] [root/watcher.py:104]: Created file watcher
2026-08-15 11:08:28,634 [INFO] [Dummy-7] [root/event_listener.py:54]: Created named pipe yasb-e11b093e-9888-11f1-881b-9c67d6e32e56
2026-08-15 11:08:28,750 [WARNING] [Dummy-7] [root/event_listener.py:136]: Komorebi failed to subscribe named pipe. 'komorebic.exe' is not recognized as an internal or external command, operable program or batch file.
2026-08-15 11:08:30,098 [WARNING] [MainThread] [deprecation/deprecation.py:146]: [DEPRECATED] BarAlignment: 'center' - Use 'align' instead.
2026-08-15 11:08:30,098 [WARNING] [MainThread] [deprecation/deprecation.py:146]: [DEPRECATED] BarBlurEffect: 'acrylic' - No longer supported and can be removed from the config.
2026-08-15 11:08:30,098 [INFO] [MainThread] [root/controller.py:21]: Reloading Application because of config change.
2026-08-15 11:08:30,210 [INFO] [MainThread] [cli_server/cli_server.py:114]: Log pipe server stopped
2026-08-15 11:08:30,229 [INFO] [MainThread] [root/bar_manager.py:93]: Successfully loaded updated config and re-initialised all bars.
2026-08-15 11:08:30,347 [INFO] [MainThread] [root/bar_manager.py:119]: Stopping KomorebiEventListener...
2026-08-15 11:08:30,362 [INFO] [MainThread] [root/bar_manager.py:119]: Stopping SystemEventListener...
2026-08-15 11:08:30,796 [INFO] [MainThread] [root/log.py:104]: YASB v2.0.6
2026-08-15 11:08:30,797 [INFO] [CLIPipeServer] [cli_server/cli_server.py:216]: CLI server started v1.1.7
2026-08-15 11:08:30,797 [INFO] [MainThread] [cli_server/cli_server.py:106]: Log pipe server started
2026-08-15 11:08:30,848 [WARNING] [MainThread] [deprecation/deprecation.py:146]: [DEPRECATED] BarAlignment: 'center' - Use 'align' instead.
2026-08-15 11:08:30,848 [WARNING] [MainThread] [deprecation/deprecation.py:146]: [DEPRECATED] BarBlurEffect: 'acrylic' - No longer supported and can be removed from the config.
2026-08-15 11:08:30,870 [WARNING] [MainThread] [deprecation/deprecation.py:146]: [DEPRECATED] HomeConfig: 'distance' - Use 'offset_top' instead.
2026-08-15 11:08:30,870 [WARNING] [MainThread] [deprecation/deprecation.py:146]: [DEPRECATED] HomeConfig: 'container_padding' - Use CSS padding instead.
2026-08-15 11:08:30,906 [WARNING] [MainThread] [deprecation/deprecation.py:146]: [DEPRECATED] KomorebiWorkspacesConfig: 'animation' - Use CSS animations instead.
2026-08-15 11:08:31,526 [WARNING] [MainThread] [deprecation/deprecation.py:146]: [DEPRECATED] CavaConfig: 'container_padding' - Use CSS padding instead.
2026-08-15 11:08:31,652 [WARNING] [MainThread] [deprecation/deprecation.py:150]: [DEPRECATED] VolumeConfig: 'volume_icons' renamed to 'icons' - Use 'icons' with the dictionary format instead.
2026-08-15 11:08:31,664 [INFO] [MainThread] [root/service.py:52]: AudioOutputService starting...
2026-08-15 11:08:31,771 [WARNING] [MainThread] [deprecation/deprecation.py:146]: [DEPRECATED] GroupLabelConfig: 'distance' - Use 'offset_top' instead.
2026-08-15 11:08:31,799 [WARNING] [MainThread] [deprecation/deprecation.py:146]: [DEPRECATED] GalleryConfig: 'lazy_load_delay' - No longer supported and can be removed from the config.
2026-08-15 11:08:31,799 [WARNING] [MainThread] [deprecation/deprecation.py:146]: [DEPRECATED] GalleryConfig: 'enable_cache' - No longer supported and can be removed from the config.
2026-08-15 11:08:31,915 [INFO] [MainThread] [root/bar_manager.py:103]: Starting SystemEventListener...
2026-08-15 11:08:31,915 [INFO] [MainThread] [root/bar_manager.py:103]: Starting KomorebiEventListener...
2026-08-15 11:08:31,917 [INFO] [MainThread] [root/watcher.py:65]: Watching directory: c:\users\lowie\.config\yasb
2026-08-15 11:08:31,917 [INFO] [MainThread] [root/watcher.py:104]: Created file watcher
2026-08-15 11:08:32,081 [INFO] [Dummy-7] [root/event_listener.py:54]: Created named pipe yasb-e327189c-9888-11f1-8ec2-9c67d6e32e56
2026-08-15 11:08:32,200 [WARNING] [Dummy-7] [root/event_listener.py:136]: Komorebi failed to subscribe named pipe. 'komorebic.exe' is not recognized as an internal or external command, operable program or batch file.
2026-08-15 11:08:44,688 [WARNING] [MainThread] [deprecation/deprecation.py:146]: [DEPRECATED] BarAlignment: 'center' - Use 'align' instead.
2026-08-15 11:08:44,688 [WARNING] [MainThread] [deprecation/deprecation.py:146]: [DEPRECATED] BarBlurEffect: 'acrylic' - No longer supported and can be removed from the config.
2026-08-15 11:08:44,689 [INFO] [MainThread] [root/controller.py:21]: Reloading Application because of config change.
2026-08-15 11:08:44,795 [INFO] [MainThread] [cli_server/cli_server.py:114]: Log pipe server stopped
2026-08-15 11:08:44,817 [INFO] [MainThread] [root/bar_manager.py:93]: Successfully loaded updated config and re-initialised all bars.
2026-08-15 11:08:44,927 [INFO] [MainThread] [root/bar_manager.py:119]: Stopping SystemEventListener...
2026-08-15 11:08:44,969 [INFO] [MainThread] [root/bar_manager.py:119]: Stopping KomorebiEventListener...
2026-08-15 11:08:45,371 [INFO] [MainThread] [root/log.py:104]: YASB v2.0.6
2026-08-15 11:08:45,371 [INFO] [CLIPipeServer] [cli_server/cli_server.py:216]: CLI server started v1.1.7
2026-08-15 11:08:45,372 [INFO] [MainThread] [cli_server/cli_server.py:106]: Log pipe server started
2026-08-15 11:08:45,421 [WARNING] [MainThread] [deprecation/deprecation.py:146]: [DEPRECATED] BarAlignment: 'center' - Use 'align' instead.
2026-08-15 11:08:45,421 [WARNING] [MainThread] [deprecation/deprecation.py:146]: [DEPRECATED] BarBlurEffect: 'acrylic' - No longer supported and can be removed from the config.
2026-08-15 11:08:45,442 [WARNING] [MainThread] [deprecation/deprecation.py:146]: [DEPRECATED] HomeConfig: 'distance' - Use 'offset_top' instead.
2026-08-15 11:08:45,442 [WARNING] [MainThread] [deprecation/deprecation.py:146]: [DEPRECATED] HomeConfig: 'container_padding' - Use CSS padding instead.
2026-08-15 11:08:45,478 [WARNING] [MainThread] [deprecation/deprecation.py:146]: [DEPRECATED] KomorebiWorkspacesConfig: 'animation' - Use CSS animations instead.
2026-08-15 11:08:46,132 [WARNING] [MainThread] [deprecation/deprecation.py:146]: [DEPRECATED] CavaConfig: 'container_padding' - Use CSS padding instead.
2026-08-15 11:08:46,256 [WARNING] [MainThread] [deprecation/deprecation.py:150]: [DEPRECATED] VolumeConfig: 'volume_icons' renamed to 'icons' - Use 'icons' with the dictionary format instead.
2026-08-15 11:08:46,268 [INFO] [MainThread] [root/service.py:52]: AudioOutputService starting...
2026-08-15 11:08:46,375 [WARNING] [MainThread] [deprecation/deprecation.py:146]: [DEPRECATED] GroupLabelConfig: 'distance' - Use 'offset_top' instead.
2026-08-15 11:08:46,404 [WARNING] [MainThread] [deprecation/deprecation.py:146]: [DEPRECATED] GalleryConfig: 'lazy_load_delay' - No longer supported and can be removed from the config.
2026-08-15 11:08:46,404 [WARNING] [MainThread] [deprecation/deprecation.py:146]: [DEPRECATED] GalleryConfig: 'enable_cache' - No longer supported and can be removed from the config.
2026-08-15 11:08:46,521 [INFO] [MainThread] [root/bar_manager.py:103]: Starting KomorebiEventListener...
2026-08-15 11:08:46,521 [INFO] [MainThread] [root/bar_manager.py:103]: Starting SystemEventListener...
2026-08-15 11:08:46,523 [INFO] [MainThread] [root/watcher.py:65]: Watching directory: c:\users\lowie\.config\yasb
2026-08-15 11:08:46,523 [INFO] [MainThread] [root/watcher.py:104]: Created file watcher
2026-08-15 11:08:46,684 [INFO] [Dummy-7] [root/event_listener.py:54]: Created named pipe yasb-ebdbba8c-9888-11f1-811b-9c67d6e32e56
2026-08-15 11:08:46,795 [WARNING] [Dummy-7] [root/event_listener.py:136]: Komorebi failed to subscribe named pipe. 'komorebic.exe' is not recognized as an internal or external command, operable program or batch file.
2026-08-15 11:09:03,823 [WARNING] [MainThread] [deprecation/deprecation.py:146]: [DEPRECATED] BarAlignment: 'center' - Use 'align' instead.
2026-08-15 11:09:03,824 [WARNING] [MainThread] [deprecation/deprecation.py:146]: [DEPRECATED] BarBlurEffect: 'acrylic' - No longer supported and can be removed from the config.
2026-08-15 11:09:03,824 [INFO] [MainThread] [root/controller.py:21]: Reloading Application because of config change.
2026-08-15 11:09:03,936 [INFO] [MainThread] [cli_server/cli_server.py:114]: Log pipe server stopped
2026-08-15 11:09:03,962 [INFO] [MainThread] [root/bar_manager.py:93]: Successfully loaded updated config and re-initialised all bars.
2026-08-15 11:09:04,056 [INFO] [MainThread] [root/bar_manager.py:119]: Stopping KomorebiEventListener...
2026-08-15 11:09:04,071 [INFO] [MainThread] [root/bar_manager.py:119]: Stopping SystemEventListener...
2026-08-15 11:09:04,511 [INFO] [MainThread] [root/log.py:104]: YASB v2.0.6
2026-08-15 11:09:04,512 [INFO] [CLIPipeServer] [cli_server/cli_server.py:216]: CLI server started v1.1.7
2026-08-15 11:09:04,512 [INFO] [MainThread] [cli_server/cli_server.py:106]: Log pipe server started
2026-08-15 11:09:04,559 [WARNING] [MainThread] [deprecation/deprecation.py:146]: [DEPRECATED] BarAlignment: 'center' - Use 'align' instead.
2026-08-15 11:09:04,559 [WARNING] [MainThread] [deprecation/deprecation.py:146]: [DEPRECATED] BarBlurEffect: 'acrylic' - No longer supported and can be removed from the config.
2026-08-15 11:09:04,581 [WARNING] [MainThread] [deprecation/deprecation.py:146]: [DEPRECATED] HomeConfig: 'distance' - Use 'offset_top' instead.
2026-08-15 11:09:04,581 [WARNING] [MainThread] [deprecation/deprecation.py:146]: [DEPRECATED] HomeConfig: 'container_padding' - Use CSS padding instead.
2026-08-15 11:09:04,617 [WARNING] [MainThread] [deprecation/deprecation.py:146]: [DEPRECATED] KomorebiWorkspacesConfig: 'animation' - Use CSS animations instead.
2026-08-15 11:09:05,295 [WARNING] [MainThread] [deprecation/deprecation.py:146]: [DEPRECATED] CavaConfig: 'container_padding' - Use CSS padding instead.
2026-08-15 11:09:05,425 [WARNING] [MainThread] [deprecation/deprecation.py:150]: [DEPRECATED] VolumeConfig: 'volume_icons' renamed to 'icons' - Use 'icons' with the dictionary format instead.
2026-08-15 11:09:05,436 [INFO] [MainThread] [root/service.py:52]: AudioOutputService starting...
2026-08-15 11:09:05,540 [WARNING] [MainThread] [deprecation/deprecation.py:146]: [DEPRECATED] GroupLabelConfig: 'distance' - Use 'offset_top' instead.
2026-08-15 11:09:05,568 [WARNING] [MainThread] [deprecation/deprecation.py:146]: [DEPRECATED] GalleryConfig: 'lazy_load_delay' - No longer supported and can be removed from the config.
2026-08-15 11:09:05,568 [WARNING] [MainThread] [deprecation/deprecation.py:146]: [DEPRECATED] GalleryConfig: 'enable_cache' - No longer supported and can be removed from the config.
2026-08-15 11:09:05,686 [INFO] [MainThread] [root/bar_manager.py:103]: Starting SystemEventListener...
2026-08-15 11:09:05,687 [INFO] [MainThread] [root/bar_manager.py:103]: Starting KomorebiEventListener...
2026-08-15 11:09:05,688 [INFO] [MainThread] [root/watcher.py:65]: Watching directory: c:\users\lowie\.config\yasb
2026-08-15 11:09:05,689 [INFO] [MainThread] [root/watcher.py:104]: Created file watcher
2026-08-15 11:09:05,857 [INFO] [Dummy-7] [root/event_listener.py:54]: Created named pipe yasb-f748366b-9888-11f1-a633-9c67d6e32e56
2026-08-15 11:09:05,964 [WARNING] [Dummy-7] [root/event_listener.py:136]: Komorebi failed to subscribe named pipe. 'komorebic.exe' is not recognized as an internal or external command, operable program or batch file.
2026-08-15 11:09:15,176 [WARNING] [MainThread] [deprecation/deprecation.py:146]: [DEPRECATED] BarAlignment: 'center' - Use 'align' instead.
2026-08-15 11:09:15,176 [WARNING] [MainThread] [deprecation/deprecation.py:146]: [DEPRECATED] BarBlurEffect: 'acrylic' - No longer supported and can be removed from the config.
2026-08-15 11:09:15,178 [INFO] [MainThread] [root/controller.py:21]: Reloading Application because of config change.
2026-08-15 11:09:15,294 [INFO] [MainThread] [cli_server/cli_server.py:114]: Log pipe server stopped
2026-08-15 11:09:15,313 [INFO] [MainThread] [root/bar_manager.py:93]: Successfully loaded updated config and re-initialised all bars.
2026-08-15 11:09:15,410 [INFO] [MainThread] [root/bar_manager.py:119]: Stopping SystemEventListener...
2026-08-15 11:09:15,449 [INFO] [MainThread] [root/bar_manager.py:119]: Stopping KomorebiEventListener...
2026-08-15 11:09:15,867 [INFO] [MainThread] [root/log.py:104]: YASB v2.0.6
2026-08-15 11:09:15,868 [INFO] [CLIPipeServer] [cli_server/cli_server.py:216]: CLI server started v1.1.7
2026-08-15 11:09:15,868 [INFO] [MainThread] [cli_server/cli_server.py:106]: Log pipe server started
2026-08-15 11:09:15,928 [WARNING] [MainThread] [deprecation/deprecation.py:146]: [DEPRECATED] BarAlignment: 'center' - Use 'align' instead.
2026-08-15 11:09:15,928 [WARNING] [MainThread] [deprecation/deprecation.py:146]: [DEPRECATED] BarBlurEffect: 'acrylic' - No longer supported and can be removed from the config.
2026-08-15 11:09:15,951 [WARNING] [MainThread] [deprecation/deprecation.py:146]: [DEPRECATED] HomeConfig: 'distance' - Use 'offset_top' instead.
2026-08-15 11:09:15,951 [WARNING] [MainThread] [deprecation/deprecation.py:146]: [DEPRECATED] HomeConfig: 'container_padding' - Use CSS padding instead.
2026-08-15 11:09:15,988 [WARNING] [MainThread] [deprecation/deprecation.py:146]: [DEPRECATED] KomorebiWorkspacesConfig: 'animation' - Use CSS animations instead.
2026-08-15 11:09:16,635 [WARNING] [MainThread] [deprecation/deprecation.py:146]: [DEPRECATED] CavaConfig: 'container_padding' - Use CSS padding instead.
2026-08-15 11:09:16,776 [WARNING] [MainThread] [deprecation/deprecation.py:150]: [DEPRECATED] VolumeConfig: 'volume_icons' renamed to 'icons' - Use 'icons' with the dictionary format instead.
2026-08-15 11:09:16,788 [INFO] [MainThread] [root/service.py:52]: AudioOutputService starting...
2026-08-15 11:09:16,895 [WARNING] [MainThread] [deprecation/deprecation.py:146]: [DEPRECATED] GroupLabelConfig: 'distance' - Use 'offset_top' instead.
2026-08-15 11:09:16,925 [WARNING] [MainThread] [deprecation/deprecation.py:146]: [DEPRECATED] GalleryConfig: 'lazy_load_delay' - No longer supported and can be removed from the config.
2026-08-15 11:09:16,926 [WARNING] [MainThread] [deprecation/deprecation.py:146]: [DEPRECATED] GalleryConfig: 'enable_cache' - No longer supported and can be removed from the config.
2026-08-15 11:09:17,046 [INFO] [MainThread] [root/bar_manager.py:103]: Starting KomorebiEventListener...
2026-08-15 11:09:17,046 [INFO] [MainThread] [root/bar_manager.py:103]: Starting SystemEventListener...
2026-08-15 11:09:17,047 [INFO] [MainThread] [root/watcher.py:65]: Watching directory: c:\users\lowie\.config\yasb
2026-08-15 11:09:17,047 [INFO] [MainThread] [root/watcher.py:104]: Created file watcher
2026-08-15 11:09:17,215 [INFO] [Dummy-7] [root/event_listener.py:54]: Created named pipe yasb-fe0d736f-9888-11f1-90bd-9c67d6e32e56
2026-08-15 11:09:17,350 [WARNING] [Dummy-7] [root/event_listener.py:136]: Komorebi failed to subscribe named pipe. 'komorebic.exe' is not recognized as an internal or external command, operable program or batch file.
2026-08-15 11:16:37,875 [WARNING] [MainThread] [deprecation/deprecation.py:146]: [DEPRECATED] BarAlignment: 'center' - Use 'align' instead.
2026-08-15 11:16:37,875 [WARNING] [MainThread] [deprecation/deprecation.py:146]: [DEPRECATED] BarBlurEffect: 'acrylic' - No longer supported and can be removed from the config.
2026-08-15 11:16:37,876 [INFO] [MainThread] [root/controller.py:21]: Reloading Application because of config change.
2026-08-15 11:16:37,979 [INFO] [MainThread] [cli_server/cli_server.py:114]: Log pipe server stopped
2026-08-15 11:16:38,005 [INFO] [MainThread] [root/bar_manager.py:93]: Successfully loaded updated config and re-initialised all bars.
2026-08-15 11:16:38,159 [INFO] [MainThread] [root/bar_manager.py:119]: Stopping KomorebiEventListener...
2026-08-15 11:16:38,167 [INFO] [MainThread] [root/bar_manager.py:119]: Stopping SystemEventListener...
2026-08-15 11:16:38,592 [INFO] [MainThread] [root/log.py:104]: YASB v2.0.6
2026-08-15 11:16:38,593 [INFO] [CLIPipeServer] [cli_server/cli_server.py:216]: CLI server started v1.1.7
2026-08-15 11:16:38,593 [INFO] [MainThread] [cli_server/cli_server.py:106]: Log pipe server started
2026-08-15 11:16:38,641 [WARNING] [MainThread] [deprecation/deprecation.py:146]: [DEPRECATED] BarAlignment: 'center' - Use 'align' instead.
2026-08-15 11:16:38,641 [WARNING] [MainThread] [deprecation/deprecation.py:146]: [DEPRECATED] BarBlurEffect: 'acrylic' - No longer supported and can be removed from the config.
2026-08-15 11:16:38,666 [WARNING] [MainThread] [deprecation/deprecation.py:146]: [DEPRECATED] HomeConfig: 'distance' - Use 'offset_top' instead.
2026-08-15 11:16:38,667 [WARNING] [MainThread] [deprecation/deprecation.py:146]: [DEPRECATED] HomeConfig: 'container_padding' - Use CSS padding instead.
2026-08-15 11:16:38,702 [WARNING] [MainThread] [deprecation/deprecation.py:146]: [DEPRECATED] KomorebiWorkspacesConfig: 'animation' - Use CSS animations instead.
2026-08-15 11:16:39,435 [WARNING] [MainThread] [deprecation/deprecation.py:146]: [DEPRECATED] CavaConfig: 'container_padding' - Use CSS padding instead.
2026-08-15 11:16:39,570 [WARNING] [MainThread] [deprecation/deprecation.py:150]: [DEPRECATED] VolumeConfig: 'volume_icons' renamed to 'icons' - Use 'icons' with the dictionary format instead.
2026-08-15 11:16:39,582 [INFO] [MainThread] [root/service.py:52]: AudioOutputService starting...
2026-08-15 11:16:39,681 [WARNING] [MainThread] [deprecation/deprecation.py:146]: [DEPRECATED] GroupLabelConfig: 'distance' - Use 'offset_top' instead.
2026-08-15 11:16:39,709 [WARNING] [MainThread] [deprecation/deprecation.py:146]: [DEPRECATED] GalleryConfig: 'lazy_load_delay' - No longer supported and can be removed from the config.
2026-08-15 11:16:39,710 [WARNING] [MainThread] [deprecation/deprecation.py:146]: [DEPRECATED] GalleryConfig: 'enable_cache' - No longer supported and can be removed from the config.
2026-08-15 11:16:39,830 [INFO] [MainThread] [root/bar_manager.py:103]: Starting SystemEventListener...
2026-08-15 11:16:39,830 [INFO] [MainThread] [root/bar_manager.py:103]: Starting KomorebiEventListener...
2026-08-15 11:16:39,832 [INFO] [MainThread] [root/watcher.py:65]: Watching directory: c:\users\lowie\.config\yasb
2026-08-15 11:16:39,832 [INFO] [MainThread] [root/watcher.py:104]: Created file watcher
2026-08-15 11:16:39,970 [INFO] [Dummy-7] [root/event_listener.py:54]: Created named pipe yasb-05f8fbd8-988a-11f1-9881-9c67d6e32e56
2026-08-15 11:16:40,105 [WARNING] [MainThread] [deprecation/deprecation.py:146]: [DEPRECATED] BarAlignment: 'center' - Use 'align' instead.
2026-08-15 11:16:40,105 [WARNING] [Dummy-7] [root/event_listener.py:136]: Komorebi failed to subscribe named pipe. 'komorebic.exe' is not recognized as an internal or external command, operable program or batch file.
2026-08-15 11:16:40,105 [WARNING] [MainThread] [deprecation/deprecation.py:146]: [DEPRECATED] BarBlurEffect: 'acrylic' - No longer supported and can be removed from the config.
2026-08-15 11:16:40,106 [INFO] [MainThread] [root/controller.py:21]: Reloading Application because of config change.
2026-08-15 11:16:40,206 [INFO] [MainThread] [cli_server/cli_server.py:114]: Log pipe server stopped
2026-08-15 11:16:40,217 [INFO] [MainThread] [root/bar_manager.py:93]: Successfully loaded updated config and re-initialised all bars.
2026-08-15 11:16:40,312 [INFO] [MainThread] [root/bar_manager.py:119]: Stopping SystemEventListener...
2026-08-15 11:16:40,346 [INFO] [MainThread] [root/bar_manager.py:119]: Stopping KomorebiEventListener...
2026-08-15 11:16:40,755 [INFO] [MainThread] [root/log.py:104]: YASB v2.0.6
2026-08-15 11:16:40,755 [INFO] [CLIPipeServer] [cli_server/cli_server.py:216]: CLI server started v1.1.7
2026-08-15 11:16:40,756 [INFO] [MainThread] [cli_server/cli_server.py:106]: Log pipe server started
2026-08-15 11:16:40,802 [WARNING] [MainThread] [deprecation/deprecation.py:146]: [DEPRECATED] BarAlignment: 'center' - Use 'align' instead.
2026-08-15 11:16:40,802 [WARNING] [MainThread] [deprecation/deprecation.py:146]: [DEPRECATED] BarBlurEffect: 'acrylic' - No longer supported and can be removed from the config.
2026-08-15 11:16:40,828 [WARNING] [MainThread] [deprecation/deprecation.py:146]: [DEPRECATED] HomeConfig: 'distance' - Use 'offset_top' instead.
2026-08-15 11:16:40,828 [WARNING] [MainThread] [deprecation/deprecation.py:146]: [DEPRECATED] HomeConfig: 'container_padding' - Use CSS padding instead.
2026-08-15 11:16:40,866 [WARNING] [MainThread] [deprecation/deprecation.py:146]: [DEPRECATED] KomorebiWorkspacesConfig: 'animation' - Use CSS animations instead.
2026-08-15 11:16:41,563 [WARNING] [MainThread] [deprecation/deprecation.py:146]: [DEPRECATED] CavaConfig: 'container_padding' - Use CSS padding instead.
2026-08-15 11:16:41,704 [WARNING] [MainThread] [deprecation/deprecation.py:150]: [DEPRECATED] VolumeConfig: 'volume_icons' renamed to 'icons' - Use 'icons' with the dictionary format instead.
2026-08-15 11:16:41,716 [INFO] [MainThread] [root/service.py:52]: AudioOutputService starting...
2026-08-15 11:16:41,817 [WARNING] [MainThread] [deprecation/deprecation.py:146]: [DEPRECATED] GroupLabelConfig: 'distance' - Use 'offset_top' instead.
2026-08-15 11:16:41,846 [WARNING] [MainThread] [deprecation/deprecation.py:146]: [DEPRECATED] GalleryConfig: 'lazy_load_delay' - No longer supported and can be removed from the config.
2026-08-15 11:16:41,846 [WARNING] [MainThread] [deprecation/deprecation.py:146]: [DEPRECATED] GalleryConfig: 'enable_cache' - No longer supported and can be removed from the config.
2026-08-15 11:16:41,960 [INFO] [MainThread] [root/bar_manager.py:103]: Starting SystemEventListener...
2026-08-15 11:16:41,960 [INFO] [MainThread] [root/bar_manager.py:103]: Starting KomorebiEventListener...
2026-08-15 11:16:41,963 [INFO] [MainThread] [root/watcher.py:65]: Watching directory: c:\users\lowie\.config\yasb
2026-08-15 11:16:41,963 [INFO] [MainThread] [root/watcher.py:104]: Created file watcher
2026-08-15 11:16:42,077 [INFO] [Dummy-7] [root/event_listener.py:54]: Created named pipe yasb-073e0cdb-988a-11f1-a85b-9c67d6e32e56
2026-08-15 11:16:42,203 [WARNING] [Dummy-7] [root/event_listener.py:136]: Komorebi failed to subscribe named pipe. 'komorebic.exe' is not recognized as an internal or external command, operable program or batch file.
2026-08-15 11:18:36,602 [ERROR] [MainThread] [root/bar_manager.py:80]: Error loading config: while scanning a double-quoted scalar
  in "C:\Users\lowie\.config\yasb\config.yaml", line 216, column 14
found unknown escape character '<'
  in "C:\Users\lowie\.config\yasb\config.yaml", line 216, column 22
2026-08-15 11:18:37,671 [WARNING] [MainThread] [deprecation/deprecation.py:146]: [DEPRECATED] BarAlignment: 'center' - Use 'align' instead.
2026-08-15 11:18:37,671 [WARNING] [MainThread] [deprecation/deprecation.py:146]: [DEPRECATED] BarBlurEffect: 'acrylic' - No longer supported and can be removed from the config.
2026-08-15 11:18:37,672 [INFO] [MainThread] [root/controller.py:21]: Reloading Application because of config change.
2026-08-15 11:18:37,786 [INFO] [MainThread] [cli_server/cli_server.py:114]: Log pipe server stopped
2026-08-15 11:18:37,807 [INFO] [MainThread] [root/bar_manager.py:93]: Successfully loaded updated config and re-initialised all bars.
2026-08-15 11:18:37,940 [INFO] [MainThread] [root/bar_manager.py:119]: Stopping SystemEventListener...
2026-08-15 11:18:37,970 [INFO] [MainThread] [root/bar_manager.py:119]: Stopping KomorebiEventListener...
2026-08-15 11:18:38,359 [INFO] [MainThread] [root/log.py:104]: YASB v2.0.6
2026-08-15 11:18:38,360 [INFO] [CLIPipeServer] [cli_server/cli_server.py:216]: CLI server started v1.1.7
2026-08-15 11:18:38,360 [INFO] [MainThread] [cli_server/cli_server.py:106]: Log pipe server started
2026-08-15 11:18:38,406 [WARNING] [MainThread] [deprecation/deprecation.py:146]: [DEPRECATED] BarAlignment: 'center' - Use 'align' instead.
2026-08-15 11:18:38,407 [WARNING] [MainThread] [deprecation/deprecation.py:146]: [DEPRECATED] BarBlurEffect: 'acrylic' - No longer supported and can be removed from the config.
2026-08-15 11:18:38,431 [WARNING] [MainThread] [deprecation/deprecation.py:146]: [DEPRECATED] HomeConfig: 'distance' - Use 'offset_top' instead.
2026-08-15 11:18:38,431 [WARNING] [MainThread] [deprecation/deprecation.py:146]: [DEPRECATED] HomeConfig: 'container_padding' - Use CSS padding instead.
2026-08-15 11:18:38,468 [WARNING] [MainThread] [deprecation/deprecation.py:146]: [DEPRECATED] KomorebiWorkspacesConfig: 'animation' - Use CSS animations instead.
2026-08-15 11:18:39,228 [WARNING] [MainThread] [deprecation/deprecation.py:146]: [DEPRECATED] CavaConfig: 'container_padding' - Use CSS padding instead.
2026-08-15 11:18:39,357 [WARNING] [MainThread] [deprecation/deprecation.py:150]: [DEPRECATED] VolumeConfig: 'volume_icons' renamed to 'icons' - Use 'icons' with the dictionary format instead.
2026-08-15 11:18:39,369 [INFO] [MainThread] [root/service.py:52]: AudioOutputService starting...
2026-08-15 11:18:39,470 [WARNING] [MainThread] [deprecation/deprecation.py:146]: [DEPRECATED] GroupLabelConfig: 'distance' - Use 'offset_top' instead.
2026-08-15 11:18:39,498 [WARNING] [MainThread] [deprecation/deprecation.py:146]: [DEPRECATED] GalleryConfig: 'lazy_load_delay' - No longer supported and can be removed from the config.
2026-08-15 11:18:39,499 [WARNING] [MainThread] [deprecation/deprecation.py:146]: [DEPRECATED] GalleryConfig: 'enable_cache' - No longer supported and can be removed from the config.
2026-08-15 11:18:39,620 [INFO] [MainThread] [root/bar_manager.py:103]: Starting SystemEventListener...
2026-08-15 11:18:39,621 [INFO] [MainThread] [root/bar_manager.py:103]: Starting KomorebiEventListener...
2026-08-15 11:18:39,622 [INFO] [MainThread] [root/watcher.py:65]: Watching directory: c:\users\lowie\.config\yasb
2026-08-15 11:18:39,622 [INFO] [MainThread] [root/watcher.py:104]: Created file watcher
2026-08-15 11:18:39,745 [INFO] [Dummy-7] [root/event_listener.py:54]: Created named pipe yasb-4d5f8de6-988a-11f1-b19a-9c67d6e32e56
2026-08-15 11:18:39,868 [WARNING] [Dummy-7] [root/event_listener.py:136]: Komorebi failed to subscribe named pipe. 'komorebic.exe' is not recognized as an internal or external command, operable program or batch file.
2026-08-15 11:18:51,664 [WARNING] [MainThread] [deprecation/deprecation.py:146]: [DEPRECATED] BarAlignment: 'center' - Use 'align' instead.
2026-08-15 11:18:51,665 [WARNING] [MainThread] [deprecation/deprecation.py:146]: [DEPRECATED] BarBlurEffect: 'acrylic' - No longer supported and can be removed from the config.
2026-08-15 11:18:51,665 [INFO] [MainThread] [root/controller.py:21]: Reloading Application because of config change.
2026-08-15 11:18:51,766 [INFO] [MainThread] [cli_server/cli_server.py:114]: Log pipe server stopped
2026-08-15 11:18:51,785 [INFO] [MainThread] [root/bar_manager.py:93]: Successfully loaded updated config and re-initialised all bars.
2026-08-15 11:18:51,886 [INFO] [MainThread] [root/bar_manager.py:119]: Stopping SystemEventListener...
2026-08-15 11:18:51,928 [INFO] [MainThread] [root/bar_manager.py:119]: Stopping KomorebiEventListener...
2026-08-15 11:18:52,336 [INFO] [MainThread] [root/log.py:104]: YASB v2.0.6
2026-08-15 11:18:52,337 [INFO] [CLIPipeServer] [cli_server/cli_server.py:216]: CLI server started v1.1.7
2026-08-15 11:18:52,337 [INFO] [MainThread] [cli_server/cli_server.py:106]: Log pipe server started
2026-08-15 11:18:52,386 [WARNING] [MainThread] [deprecation/deprecation.py:146]: [DEPRECATED] BarAlignment: 'center' - Use 'align' instead.
2026-08-15 11:18:52,386 [WARNING] [MainThread] [deprecation/deprecation.py:146]: [DEPRECATED] BarBlurEffect: 'acrylic' - No longer supported and can be removed from the config.
2026-08-15 11:18:52,412 [WARNING] [MainThread] [deprecation/deprecation.py:146]: [DEPRECATED] HomeConfig: 'distance' - Use 'offset_top' instead.
2026-08-15 11:18:52,412 [WARNING] [MainThread] [deprecation/deprecation.py:146]: [DEPRECATED] HomeConfig: 'container_padding' - Use CSS padding instead.
2026-08-15 11:18:52,449 [WARNING] [MainThread] [deprecation/deprecation.py:146]: [DEPRECATED] KomorebiWorkspacesConfig: 'animation' - Use CSS animations instead.
2026-08-15 11:18:53,039 [WARNING] [MainThread] [deprecation/deprecation.py:146]: [DEPRECATED] CavaConfig: 'container_padding' - Use CSS padding instead.
2026-08-15 11:18:53,166 [WARNING] [MainThread] [deprecation/deprecation.py:150]: [DEPRECATED] VolumeConfig: 'volume_icons' renamed to 'icons' - Use 'icons' with the dictionary format instead.
2026-08-15 11:18:53,178 [INFO] [MainThread] [root/service.py:52]: AudioOutputService starting...
2026-08-15 11:18:53,281 [WARNING] [MainThread] [deprecation/deprecation.py:146]: [DEPRECATED] GroupLabelConfig: 'distance' - Use 'offset_top' instead.
2026-08-15 11:18:53,308 [WARNING] [MainThread] [deprecation/deprecation.py:146]: [DEPRECATED] GalleryConfig: 'lazy_load_delay' - No longer supported and can be removed from the config.
2026-08-15 11:18:53,309 [WARNING] [MainThread] [deprecation/deprecation.py:146]: [DEPRECATED] GalleryConfig: 'enable_cache' - No longer supported and can be removed from the config.
2026-08-15 11:18:53,437 [INFO] [MainThread] [root/bar_manager.py:103]: Starting KomorebiEventListener...
2026-08-15 11:18:53,437 [INFO] [MainThread] [root/bar_manager.py:103]: Starting SystemEventListener...
2026-08-15 11:18:53,439 [INFO] [MainThread] [root/watcher.py:65]: Watching directory: c:\users\lowie\.config\yasb
2026-08-15 11:18:53,439 [INFO] [MainThread] [root/watcher.py:104]: Created file watcher
2026-08-15 11:18:53,570 [INFO] [Dummy-7] [root/event_listener.py:54]: Created named pipe yasb-559bc3ac-988a-11f1-b0ff-9c67d6e32e56
2026-08-15 11:18:53,693 [WARNING] [Dummy-7] [root/event_listener.py:136]: Komorebi failed to subscribe named pipe. 'komorebic.exe' is not recognized as an internal or external command, operable program or batch file.
2026-08-15 11:18:53,750 [WARNING] [MainThread] [deprecation/deprecation.py:146]: [DEPRECATED] BarAlignment: 'center' - Use 'align' instead.
2026-08-15 11:18:53,750 [WARNING] [MainThread] [deprecation/deprecation.py:146]: [DEPRECATED] BarBlurEffect: 'acrylic' - No longer supported and can be removed from the config.
2026-08-15 11:18:53,751 [INFO] [MainThread] [root/controller.py:21]: Reloading Application because of config change.
2026-08-15 11:18:53,852 [INFO] [MainThread] [cli_server/cli_server.py:114]: Log pipe server stopped
2026-08-15 11:18:53,875 [INFO] [MainThread] [root/bar_manager.py:93]: Successfully loaded updated config and re-initialised all bars.
2026-08-15 11:18:54,001 [INFO] [MainThread] [root/bar_manager.py:119]: Stopping KomorebiEventListener...
2026-08-15 11:18:54,010 [INFO] [MainThread] [root/bar_manager.py:119]: Stopping SystemEventListener...
2026-08-15 11:18:54,445 [INFO] [MainThread] [root/log.py:104]: YASB v2.0.6
2026-08-15 11:18:54,445 [INFO] [CLIPipeServer] [cli_server/cli_server.py:216]: CLI server started v1.1.7
2026-08-15 11:18:54,446 [INFO] [MainThread] [cli_server/cli_server.py:106]: Log pipe server started
2026-08-15 11:18:54,493 [WARNING] [MainThread] [deprecation/deprecation.py:146]: [DEPRECATED] BarAlignment: 'center' - Use 'align' instead.
2026-08-15 11:18:54,493 [WARNING] [MainThread] [deprecation/deprecation.py:146]: [DEPRECATED] BarBlurEffect: 'acrylic' - No longer supported and can be removed from the config.
2026-08-15 11:18:54,519 [WARNING] [MainThread] [deprecation/deprecation.py:146]: [DEPRECATED] HomeConfig: 'distance' - Use 'offset_top' instead.
2026-08-15 11:18:54,519 [WARNING] [MainThread] [deprecation/deprecation.py:146]: [DEPRECATED] HomeConfig: 'container_padding' - Use CSS padding instead.
2026-08-15 11:18:54,554 [WARNING] [MainThread] [deprecation/deprecation.py:146]: [DEPRECATED] KomorebiWorkspacesConfig: 'animation' - Use CSS animations instead.
2026-08-15 11:18:55,221 [WARNING] [MainThread] [deprecation/deprecation.py:146]: [DEPRECATED] CavaConfig: 'container_padding' - Use CSS padding instead.
2026-08-15 11:18:55,357 [WARNING] [MainThread] [deprecation/deprecation.py:150]: [DEPRECATED] VolumeConfig: 'volume_icons' renamed to 'icons' - Use 'icons' with the dictionary format instead.
2026-08-15 11:18:55,369 [INFO] [MainThread] [root/service.py:52]: AudioOutputService starting...
2026-08-15 11:18:55,475 [WARNING] [MainThread] [deprecation/deprecation.py:146]: [DEPRECATED] GroupLabelConfig: 'distance' - Use 'offset_top' instead.
2026-08-15 11:18:55,505 [WARNING] [MainThread] [deprecation/deprecation.py:146]: [DEPRECATED] GalleryConfig: 'lazy_load_delay' - No longer supported and can be removed from the config.
2026-08-15 11:18:55,505 [WARNING] [MainThread] [deprecation/deprecation.py:146]: [DEPRECATED] GalleryConfig: 'enable_cache' - No longer supported and can be removed from the config.
2026-08-15 11:18:55,632 [INFO] [MainThread] [root/bar_manager.py:103]: Starting SystemEventListener...
2026-08-15 11:18:55,632 [INFO] [MainThread] [root/bar_manager.py:103]: Starting KomorebiEventListener...
2026-08-15 11:18:55,634 [INFO] [MainThread] [root/watcher.py:65]: Watching directory: c:\users\lowie\.config\yasb
2026-08-15 11:18:55,634 [INFO] [MainThread] [root/watcher.py:104]: Created file watcher
2026-08-15 11:18:55,757 [INFO] [Dummy-7] [root/event_listener.py:54]: Created named pipe yasb-56eac7bd-988a-11f1-97eb-9c67d6e32e56
2026-08-15 11:18:55,881 [WARNING] [Dummy-7] [root/event_listener.py:136]: Komorebi failed to subscribe named pipe. 'komorebic.exe' is not recognized as an internal or external command, operable program or batch file.
2026-08-15 11:19:01,864 [WARNING] [MainThread] [deprecation/deprecation.py:146]: [DEPRECATED] BarAlignment: 'center' - Use 'align' instead.
2026-08-15 11:19:01,864 [WARNING] [MainThread] [deprecation/deprecation.py:146]: [DEPRECATED] BarBlurEffect: 'acrylic' - No longer supported and can be removed from the config.
2026-08-15 11:19:01,865 [INFO] [MainThread] [root/controller.py:21]: Reloading Application because of config change.
2026-08-15 11:19:01,969 [INFO] [MainThread] [cli_server/cli_server.py:114]: Log pipe server stopped
2026-08-15 11:19:01,993 [INFO] [MainThread] [root/bar_manager.py:93]: Successfully loaded updated config and re-initialised all bars.
2026-08-15 11:19:02,106 [INFO] [MainThread] [root/bar_manager.py:119]: Stopping SystemEventListener...
2026-08-15 11:19:02,145 [INFO] [MainThread] [root/bar_manager.py:119]: Stopping KomorebiEventListener...
2026-08-15 11:19:02,556 [INFO] [MainThread] [root/log.py:104]: YASB v2.0.6
2026-08-15 11:19:02,557 [INFO] [CLIPipeServer] [cli_server/cli_server.py:216]: CLI server started v1.1.7
2026-08-15 11:19:02,557 [INFO] [MainThread] [cli_server/cli_server.py:106]: Log pipe server started
2026-08-15 11:19:02,604 [WARNING] [MainThread] [deprecation/deprecation.py:146]: [DEPRECATED] BarAlignment: 'center' - Use 'align' instead.
2026-08-15 11:19:02,604 [WARNING] [MainThread] [deprecation/deprecation.py:146]: [DEPRECATED] BarBlurEffect: 'acrylic' - No longer supported and can be removed from the config.
2026-08-15 11:19:02,629 [WARNING] [MainThread] [deprecation/deprecation.py:146]: [DEPRECATED] HomeConfig: 'distance' - Use 'offset_top' instead.
2026-08-15 11:19:02,629 [WARNING] [MainThread] [deprecation/deprecation.py:146]: [DEPRECATED] HomeConfig: 'container_padding' - Use CSS padding instead.
2026-08-15 11:19:02,664 [WARNING] [MainThread] [deprecation/deprecation.py:146]: [DEPRECATED] KomorebiWorkspacesConfig: 'animation' - Use CSS animations instead.
2026-08-15 11:19:03,343 [WARNING] [MainThread] [deprecation/deprecation.py:146]: [DEPRECATED] CavaConfig: 'container_padding' - Use CSS padding instead.
2026-08-15 11:19:03,469 [WARNING] [MainThread] [deprecation/deprecation.py:150]: [DEPRECATED] VolumeConfig: 'volume_icons' renamed to 'icons' - Use 'icons' with the dictionary format instead.
2026-08-15 11:19:03,481 [INFO] [MainThread] [root/service.py:52]: AudioOutputService starting...
2026-08-15 11:19:03,584 [WARNING] [MainThread] [deprecation/deprecation.py:146]: [DEPRECATED] GroupLabelConfig: 'distance' - Use 'offset_top' instead.
2026-08-15 11:19:03,612 [WARNING] [MainThread] [deprecation/deprecation.py:146]: [DEPRECATED] GalleryConfig: 'lazy_load_delay' - No longer supported and can be removed from the config.
2026-08-15 11:19:03,612 [WARNING] [MainThread] [deprecation/deprecation.py:146]: [DEPRECATED] GalleryConfig: 'enable_cache' - No longer supported and can be removed from the config.
2026-08-15 11:19:03,736 [INFO] [MainThread] [root/bar_manager.py:103]: Starting KomorebiEventListener...
2026-08-15 11:19:03,736 [INFO] [MainThread] [root/bar_manager.py:103]: Starting SystemEventListener...
2026-08-15 11:19:03,738 [INFO] [MainThread] [root/watcher.py:65]: Watching directory: c:\users\lowie\.config\yasb
2026-08-15 11:19:03,738 [INFO] [MainThread] [root/watcher.py:104]: Created file watcher
2026-08-15 11:19:03,877 [INFO] [Dummy-7] [root/event_listener.py:54]: Created named pipe yasb-5bbf47df-988a-11f1-b449-9c67d6e32e56
2026-08-15 11:19:04,010 [WARNING] [Dummy-7] [root/event_listener.py:136]: Komorebi failed to subscribe named pipe. 'komorebic.exe' is not recognized as an internal or external command, operable program or batch file.
2026-08-15 11:23:17,070 [WARNING] [MainThread] [deprecation/deprecation.py:146]: [DEPRECATED] BarAlignment: 'center' - Use 'align' instead.
2026-08-15 11:23:17,071 [WARNING] [MainThread] [deprecation/deprecation.py:146]: [DEPRECATED] BarBlurEffect: 'acrylic' - No longer supported and can be removed from the config.
2026-08-15 11:23:17,071 [INFO] [MainThread] [root/controller.py:21]: Reloading Application because of config change.
2026-08-15 11:23:17,172 [INFO] [MainThread] [cli_server/cli_server.py:114]: Log pipe server stopped
2026-08-15 11:23:17,196 [INFO] [MainThread] [root/bar_manager.py:93]: Successfully loaded updated config and re-initialised all bars.
2026-08-15 11:23:17,306 [INFO] [MainThread] [root/bar_manager.py:119]: Stopping KomorebiEventListener...
2026-08-15 11:23:17,320 [INFO] [MainThread] [root/bar_manager.py:119]: Stopping SystemEventListener...
2026-08-15 11:23:17,763 [INFO] [MainThread] [root/log.py:104]: YASB v2.0.6
2026-08-15 11:23:17,763 [INFO] [CLIPipeServer] [cli_server/cli_server.py:216]: CLI server started v1.1.7
2026-08-15 11:23:17,764 [INFO] [MainThread] [cli_server/cli_server.py:106]: Log pipe server started
2026-08-15 11:23:17,812 [WARNING] [MainThread] [deprecation/deprecation.py:146]: [DEPRECATED] BarAlignment: 'center' - Use 'align' instead.
2026-08-15 11:23:17,812 [WARNING] [MainThread] [deprecation/deprecation.py:146]: [DEPRECATED] BarBlurEffect: 'acrylic' - No longer supported and can be removed from the config.
2026-08-15 11:23:17,837 [WARNING] [MainThread] [deprecation/deprecation.py:146]: [DEPRECATED] HomeConfig: 'distance' - Use 'offset_top' instead.
2026-08-15 11:23:17,837 [WARNING] [MainThread] [deprecation/deprecation.py:146]: [DEPRECATED] HomeConfig: 'container_padding' - Use CSS padding instead.
2026-08-15 11:23:17,872 [WARNING] [MainThread] [deprecation/deprecation.py:146]: [DEPRECATED] KomorebiWorkspacesConfig: 'animation' - Use CSS animations instead.
2026-08-15 11:23:18,574 [WARNING] [MainThread] [deprecation/deprecation.py:146]: [DEPRECATED] CavaConfig: 'container_padding' - Use CSS padding instead.
2026-08-15 11:23:18,704 [WARNING] [MainThread] [deprecation/deprecation.py:150]: [DEPRECATED] VolumeConfig: 'volume_icons' renamed to 'icons' - Use 'icons' with the dictionary format instead.
2026-08-15 11:23:18,716 [INFO] [MainThread] [root/service.py:52]: AudioOutputService starting...
2026-08-15 11:23:18,820 [WARNING] [MainThread] [deprecation/deprecation.py:146]: [DEPRECATED] GroupLabelConfig: 'distance' - Use 'offset_top' instead.
2026-08-15 11:23:18,849 [WARNING] [MainThread] [deprecation/deprecation.py:146]: [DEPRECATED] GalleryConfig: 'lazy_load_delay' - No longer supported and can be removed from the config.
2026-08-15 11:23:18,849 [WARNING] [MainThread] [deprecation/deprecation.py:146]: [DEPRECATED] GalleryConfig: 'enable_cache' - No longer supported and can be removed from the config.
2026-08-15 11:23:18,966 [INFO] [MainThread] [root/bar_manager.py:103]: Starting KomorebiEventListener...
2026-08-15 11:23:18,967 [INFO] [MainThread] [root/bar_manager.py:103]: Starting SystemEventListener...
2026-08-15 11:23:18,969 [INFO] [MainThread] [root/watcher.py:65]: Watching directory: c:\users\lowie\.config\yasb
2026-08-15 11:23:18,969 [INFO] [MainThread] [root/watcher.py:104]: Created file watcher
2026-08-15 11:23:19,093 [INFO] [Dummy-7] [root/event_listener.py:54]: Created named pipe yasb-f3e055a3-988a-11f1-9932-9c67d6e32e56
2026-08-15 11:23:19,209 [WARNING] [Dummy-7] [root/event_listener.py:136]: Komorebi failed to subscribe named pipe. 'komorebic.exe' is not recognized as an internal or external command, operable program or batch file.
2026-08-15 11:23:23,834 [ERROR] [MainThread] [root/bar_manager.py:80]: Error loading config: while scanning a double-quoted scalar
  in "C:\Users\lowie\.config\yasb\config.yaml", line 216, column 14
expected escape sequence of 4 hexadecimal numbers, but found '<'
  in "C:\Users\lowie\.config\yasb\config.yaml", line 216, column 23
2026-08-15 11:23:25,104 [ERROR] [MainThread] [root/bar_manager.py:80]: Error loading config: while scanning a double-quoted scalar
  in "C:\Users\lowie\.config\yasb\config.yaml", line 216, column 14
expected escape sequence of 4 hexadecimal numbers, but found '<'
  in "C:\Users\lowie\.config\yasb\config.yaml", line 216, column 23
2026-08-15 11:23:26,248 [ERROR] [MainThread] [root/bar_manager.py:80]: Error loading config: while scanning a double-quoted scalar
  in "C:\Users\lowie\.config\yasb\config.yaml", line 216, column 14
expected escape sequence of 4 hexadecimal numbers, but found '<'
  in "C:\Users\lowie\.config\yasb\config.yaml", line 216, column 23
2026-08-15 11:23:34,311 [ERROR] [MainThread] [root/bar_manager.py:80]: Error loading config: while scanning a double-quoted scalar
  in "C:\Users\lowie\.config\yasb\config.yaml", line 216, column 14
expected escape sequence of 4 hexadecimal numbers, but found '('
  in "C:\Users\lowie\.config\yasb\config.yaml", line 216, column 23
2026-08-15 11:23:37,037 [WARNING] [MainThread] [deprecation/deprecation.py:146]: [DEPRECATED] BarAlignment: 'center' - Use 'align' instead.
2026-08-15 11:23:37,038 [WARNING] [MainThread] [deprecation/deprecation.py:146]: [DEPRECATED] BarBlurEffect: 'acrylic' - No longer supported and can be removed from the config.
2026-08-15 11:23:37,038 [INFO] [MainThread] [root/controller.py:21]: Reloading Application because of config change.
2026-08-15 11:23:37,146 [INFO] [MainThread] [cli_server/cli_server.py:114]: Log pipe server stopped
2026-08-15 11:23:37,170 [INFO] [MainThread] [root/bar_manager.py:93]: Successfully loaded updated config and re-initialised all bars.
2026-08-15 11:23:37,280 [INFO] [MainThread] [root/bar_manager.py:119]: Stopping KomorebiEventListener...
2026-08-15 11:23:37,296 [INFO] [MainThread] [root/bar_manager.py:119]: Stopping SystemEventListener...
2026-08-15 11:23:37,740 [INFO] [MainThread] [root/log.py:104]: YASB v2.0.6
2026-08-15 11:23:37,740 [INFO] [CLIPipeServer] [cli_server/cli_server.py:216]: CLI server started v1.1.7
2026-08-15 11:23:37,741 [INFO] [MainThread] [cli_server/cli_server.py:106]: Log pipe server started
2026-08-15 11:23:37,787 [WARNING] [MainThread] [deprecation/deprecation.py:146]: [DEPRECATED] BarAlignment: 'center' - Use 'align' instead.
2026-08-15 11:23:37,787 [WARNING] [MainThread] [deprecation/deprecation.py:146]: [DEPRECATED] BarBlurEffect: 'acrylic' - No longer supported and can be removed from the config.
2026-08-15 11:23:37,812 [WARNING] [MainThread] [deprecation/deprecation.py:146]: [DEPRECATED] HomeConfig: 'distance' - Use 'offset_top' instead.
2026-08-15 11:23:37,812 [WARNING] [MainThread] [deprecation/deprecation.py:146]: [DEPRECATED] HomeConfig: 'container_padding' - Use CSS padding instead.
2026-08-15 11:23:37,850 [WARNING] [MainThread] [deprecation/deprecation.py:146]: [DEPRECATED] KomorebiWorkspacesConfig: 'animation' - Use CSS animations instead.
2026-08-15 11:23:38,539 [WARNING] [MainThread] [deprecation/deprecation.py:146]: [DEPRECATED] CavaConfig: 'container_padding' - Use CSS padding instead.
2026-08-15 11:23:38,673 [WARNING] [MainThread] [deprecation/deprecation.py:150]: [DEPRECATED] VolumeConfig: 'volume_icons' renamed to 'icons' - Use 'icons' with the dictionary format instead.
2026-08-15 11:23:38,685 [INFO] [MainThread] [root/service.py:52]: AudioOutputService starting...
2026-08-15 11:23:38,788 [WARNING] [MainThread] [deprecation/deprecation.py:146]: [DEPRECATED] GroupLabelConfig: 'distance' - Use 'offset_top' instead.
2026-08-15 11:23:38,815 [WARNING] [MainThread] [deprecation/deprecation.py:146]: [DEPRECATED] GalleryConfig: 'lazy_load_delay' - No longer supported and can be removed from the config.
2026-08-15 11:23:38,816 [WARNING] [MainThread] [deprecation/deprecation.py:146]: [DEPRECATED] GalleryConfig: 'enable_cache' - No longer supported and can be removed from the config.
2026-08-15 11:23:38,935 [INFO] [MainThread] [root/bar_manager.py:103]: Starting SystemEventListener...
2026-08-15 11:23:38,936 [INFO] [MainThread] [root/bar_manager.py:103]: Starting KomorebiEventListener...
2026-08-15 11:23:38,937 [INFO] [MainThread] [root/watcher.py:65]: Watching directory: c:\users\lowie\.config\yasb
2026-08-15 11:23:38,937 [INFO] [MainThread] [root/watcher.py:104]: Created file watcher
2026-08-15 11:23:39,077 [INFO] [Dummy-7] [root/event_listener.py:54]: Created named pipe yasb-ffc772cb-988a-11f1-adf2-9c67d6e32e56
2026-08-15 11:23:39,185 [WARNING] [MainThread] [deprecation/deprecation.py:146]: [DEPRECATED] BarAlignment: 'center' - Use 'align' instead.
2026-08-15 11:23:39,185 [WARNING] [MainThread] [deprecation/deprecation.py:146]: [DEPRECATED] BarBlurEffect: 'acrylic' - No longer supported and can be removed from the config.
2026-08-15 11:23:39,186 [INFO] [MainThread] [root/controller.py:21]: Reloading Application because of config change.
2026-08-15 11:23:39,202 [WARNING] [Dummy-7] [root/event_listener.py:136]: Komorebi failed to subscribe named pipe. 'komorebic.exe' is not recognized as an internal or external command, operable program or batch file.
2026-08-15 11:23:39,286 [INFO] [MainThread] [cli_server/cli_server.py:114]: Log pipe server stopped
2026-08-15 11:23:39,295 [INFO] [MainThread] [root/bar_manager.py:93]: Successfully loaded updated config and re-initialised all bars.
Windows fatal exception: code 0x8001010e

Thread 0x00003ce0 [KomorebiEventListener] (most recent call first):
  File "C:\hostedtoolcache\windows\Python\3.14.6\x64\Lib\threading.py", line 373 in wait
  File "C:\hostedtoolcache\windows\Python\3.14.6\x64\Lib\threading.py", line 670 in wait
  File "D:\a\yasb\yasb\src\core\widgets\services\komorebi\event_listener.py", line 139 in _wait_until_komorebi_online
  File "D:\a\yasb\yasb\src\core\widgets\services\komorebi\event_listener.py", line 69 in run

Thread 0x000077a8 [SystemEventListener] (most recent call first):
  File "D:\a\yasb\yasb\src\core\utils\win32\event_listener.py", line 69 in run

Thread 0x00007ba0 [Thread-5] (most recent call first):
  File "C:\hostedtoolcache\windows\Python\3.14.6\x64\Lib\threading.py", line 369 in wait
  File "C:\hostedtoolcache\windows\Python\3.14.6\x64\Lib\queue.py", line 199 in get
  File "D:\a\yasb\yasb\venv\Lib\site-packages\watchdog\observers\api.py", line 379 in dispatch_events
  File "D:\a\yasb\yasb\venv\Lib\site-packages\watchdog\observers\api.py", line 213 in run
  File "C:\hostedtoolcache\windows\Python\3.14.6\x64\Lib\threading.py", line 1082 in _bootstrap_inner
  File "C:\hostedtoolcache\windows\Python\3.14.6\x64\Lib\threading.py", line 1044 in _bootstrap

Thread 0x00009f6c [Thread-6] (most recent call first):
  File "D:\a\yasb\yasb\venv\Lib\site-packages\watchdog\observers\winapi.py", line 326 in read_directory_changes
  File "D:\a\yasb\yasb\venv\Lib\site-packages\watchdog\observers\winapi.py", line 380 in read_events
  File "D:\a\yasb\yasb\venv\Lib\site-packages\watchdog\observers\read_directory_changes.py", line 67 in _read_events
  File "D:\a\yasb\yasb\venv\Lib\site-packages\watchdog\observers\read_directory_changes.py", line 70 in queue_events
  File "D:\a\yasb\yasb\venv\Lib\site-packages\watchdog\observers\api.py", line 158 in run
  File "C:\hostedtoolcache\windows\Python\3.14.6\x64\Lib\threading.py", line 1082 in _bootstrap_inner
  File "C:\hostedtoolcache\windows\Python\3.14.6\x64\Lib\threading.py", line 1044 in _bootstrap

Thread 0x0000553c [MemoryWorker] (most recent call first):
  File "C:\hostedtoolcache\windows\Python\3.14.6\x64\Lib\threading.py", line 373 in wait
  File "C:\hostedtoolcache\windows\Python\3.14.6\x64\Lib\threading.py", line 670 in wait
  File "D:\a\yasb\yasb\src\core\widgets\services\memory\memory_api.py", line 247 in run

Thread 0x00008d84 [GpuWorker] (most recent call first):
  File "C:\hostedtoolcache\windows\Python\3.14.6\x64\Lib\threading.py", line 373 in wait
  File "C:\hostedtoolcache\windows\Python\3.14.6\x64\Lib\threading.py", line 670 in wait
  File "D:\a\yasb\yasb\src\core\widgets\services\gpu\gpu_api.py", line 546 in run

Thread 0x000075cc [CpuWorker] (most recent call first):
  File "C:\hostedtoolcache\windows\Python\3.14.6\x64\Lib\threading.py", line 373 in wait
  File "C:\hostedtoolcache\windows\Python\3.14.6\x64\Lib\threading.py", line 670 in wait
  File "D:\a\yasb\yasb\src\core\widgets\services\cpu\cpu_api.py", line 343 in run

Thread 0x00000b6c [Thread-3 (process_audio)] (most recent call first):
  File "D:\a\yasb\yasb\src\core\widgets\yasb\cava.py", line 586 in process_audio
  File "C:\hostedtoolcache\windows\Python\3.14.6\x64\Lib\threading.py", line 1024 in run
  File "C:\hostedtoolcache\windows\Python\3.14.6\x64\Lib\threading.py", line 1082 in _bootstrap_inner
  File "C:\hostedtoolcache\windows\Python\3.14.6\x64\Lib\threading.py", line 1044 in _bootstrap

Thread 0x00001b30 [_EventWorker] (most recent call first):
  File "D:\a\yasb\yasb\venv\Lib\site-packages\qasync\_windows.py", line 147 in _poll
  File "D:\a\yasb\yasb\venv\Lib\site-packages\qasync\_windows.py", line 72 in select
  File "D:\a\yasb\yasb\venv\Lib\site-packages\qasync\_windows.py", line 199 in run

Thread 0x00000248 [LogPipeServer] (most recent call first):
  File "D:\a\yasb\yasb\src\core\utils\cli_server.py", line 166 in _run_server
  File "C:\hostedtoolcache\windows\Python\3.14.6\x64\Lib\threading.py", line 1024 in run
  File "C:\hostedtoolcache\windows\Python\3.14.6\x64\Lib\threading.py", line 1082 in _bootstrap_inner
  File "C:\hostedtoolcache\windows\Python\3.14.6\x64\Lib\threading.py", line 1044 in _bootstrap

Thread 0x000021ec [CLIPipeServer] (most recent call first):
  File "D:\a\yasb\yasb\src\core\utils\win32\bindings\kernel32.py", line 291 in ConnectNamedPipe
  File "D:\a\yasb\yasb\src\core\utils\cli_server.py", line 235 in _run_server
  File "C:\hostedtoolcache\windows\Python\3.14.6\x64\Lib\threading.py", line 1024 in run
  File "C:\hostedtoolcache\windows\Python\3.14.6\x64\Lib\threading.py", line 1082 in _bootstrap_inner
  File "C:\hostedtoolcache\windows\Python\3.14.6\x64\Lib\threading.py", line 1044 in _bootstrap

Current thread 0x00005494 (most recent call first):
  File "C:\hostedtoolcache\windows\Python\3.14.6\x64\Lib\asyncio\events.py", line 94 in _run
  File "D:\a\yasb\yasb\venv\Lib\site-packages\qasync\__init__.py", line 307 in timerEvent
  File "D:\a\yasb\yasb\venv\Lib\site-packages\qasync\__init__.py", line 404 in run_forever
  File "D:\a\yasb\yasb\venv\Lib\site-packages\qasync\__init__.py", line 428 in run_until_complete
  File "main.py", line 100 in main
  File "main.py", line 203 in <module>
  File "D:\a\yasb\yasb\venv\Lib\site-packages\freeze_core\initscripts\console.py", line 43 in run
  File "src/freeze_core/initscripts/__startup__.py", line 147 in run
Windows fatal exception: code 0x8001010e

Thread 0x00003ce0 [KomorebiEventListener] (most recent call first):
  File "C:\hostedtoolcache\windows\Python\3.14.6\x64\Lib\threading.py", line 373 in wait
  File "C:\hostedtoolcache\windows\Python\3.14.6\x64\Lib\threading.py", line 670 in wait
  File "D:\a\yasb\yasb\src\core\widgets\services\komorebi\event_listener.py", line 139 in _wait_until_komorebi_online
  File "D:\a\yasb\yasb\src\core\widgets\services\komorebi\event_listener.py", line 69 in run

Thread 0x000077a8 [SystemEventListener] (most recent call first):
  File "D:\a\yasb\yasb\src\core\utils\win32\event_listener.py", line 69 in run

Thread 0x00007ba0 [Thread-5] (most recent call first):
  File "C:\hostedtoolcache\windows\Python\3.14.6\x64\Lib\threading.py", line 369 in wait
  File "C:\hostedtoolcache\windows\Python\3.14.6\x64\Lib\queue.py", line 199 in get
  File "D:\a\yasb\yasb\venv\Lib\site-packages\watchdog\observers\api.py", line 379 in dispatch_events
  File "D:\a\yasb\yasb\venv\Lib\site-packages\watchdog\observers\api.py", line 213 in run
  File "C:\hostedtoolcache\windows\Python\3.14.6\x64\Lib\threading.py", line 1082 in _bootstrap_inner
  File "C:\hostedtoolcache\windows\Python\3.14.6\x64\Lib\threading.py", line 1044 in _bootstrap

Thread 0x00009f6c [Thread-6] (most recent call first):
  File "D:\a\yasb\yasb\venv\Lib\site-packages\watchdog\observers\winapi.py", line 326 in read_directory_changes
  File "D:\a\yasb\yasb\venv\Lib\site-packages\watchdog\observers\winapi.py", line 380 in read_events
  File "D:\a\yasb\yasb\venv\Lib\site-packages\watchdog\observers\read_directory_changes.py", line 67 in _read_events
  File "D:\a\yasb\yasb\venv\Lib\site-packages\watchdog\observers\read_directory_changes.py", line 70 in queue_events
  File "D:\a\yasb\yasb\venv\Lib\site-packages\watchdog\observers\api.py", line 158 in run
  File "C:\hostedtoolcache\windows\Python\3.14.6\x64\Lib\threading.py", line 1082 in _bootstrap_inner
  File "C:\hostedtoolcache\windows\Python\3.14.6\x64\Lib\threading.py", line 1044 in _bootstrap

Thread 0x0000553c [MemoryWorker] (most recent call first):
  File "C:\hostedtoolcache\windows\Python\3.14.6\x64\Lib\threading.py", line 373 in wait
  File "C:\hostedtoolcache\windows\Python\3.14.6\x64\Lib\threading.py", line 670 in wait
  File "D:\a\yasb\yasb\src\core\widgets\services\memory\memory_api.py", line 247 in run

Thread 0x00008d84 [GpuWorker] (most recent call first):
  File "C:\hostedtoolcache\windows\Python\3.14.6\x64\Lib\threading.py", line 373 in wait
  File "C:\hostedtoolcache\windows\Python\3.14.6\x64\Lib\threading.py", line 670 in wait
  File "D:\a\yasb\yasb\src\core\widgets\services\gpu\gpu_api.py", line 546 in run

Thread 0x000075cc [CpuWorker] (most recent call first):
  File "C:\hostedtoolcache\windows\Python\3.14.6\x64\Lib\threading.py", line 373 in wait
  File "C:\hostedtoolcache\windows\Python\3.14.6\x64\Lib\threading.py", line 670 in wait
  File "D:\a\yasb\yasb\src\core\widgets\services\cpu\cpu_api.py", line 343 in run

Thread 0x00000b6c [Thread-3 (process_audio)] (most recent call first):
  File "D:\a\yasb\yasb\src\core\widgets\yasb\cava.py", line 586 in process_audio
  File "C:\hostedtoolcache\windows\Python\3.14.6\x64\Lib\threading.py", line 1024 in run
  File "C:\hostedtoolcache\windows\Python\3.14.6\x64\Lib\threading.py", line 1082 in _bootstrap_inner
  File "C:\hostedtoolcache\windows\Python\3.14.6\x64\Lib\threading.py", line 1044 in _bootstrap

Thread 0x00001b30 [_EventWorker] (most recent call first):
  File "D:\a\yasb\yasb\venv\Lib\site-packages\qasync\_windows.py", line 147 in _poll
  File "D:\a\yasb\yasb\venv\Lib\site-packages\qasync\_windows.py", line 72 in select
  File "D:\a\yasb\yasb\venv\Lib\site-packages\qasync\_windows.py", line 199 in run

Thread 0x00000248 [LogPipeServer] (most recent call first):
  File "D:\a\yasb\yasb\src\core\utils\cli_server.py", line 166 in _run_server
  File "C:\hostedtoolcache\windows\Python\3.14.6\x64\Lib\threading.py", line 1024 in run
  File "C:\hostedtoolcache\windows\Python\3.14.6\x64\Lib\threading.py", line 1082 in _bootstrap_inner
  File "C:\hostedtoolcache\windows\Python\3.14.6\x64\Lib\threading.py", line 1044 in _bootstrap

Thread 0x000021ec [CLIPipeServer] (most recent call first):
  File "D:\a\yasb\yasb\src\core\utils\win32\bindings\kernel32.py", line 291 in ConnectNamedPipe
  File "D:\a\yasb\yasb\src\core\utils\cli_server.py", line 235 in _run_server
  File "C:\hostedtoolcache\windows\Python\3.14.6\x64\Lib\threading.py", line 1024 in run
  File "C:\hostedtoolcache\windows\Python\3.14.6\x64\Lib\threading.py", line 1082 in _bootstrap_inner
  File "C:\hostedtoolcache\windows\Python\3.14.6\x64\Lib\threading.py", line 1044 in _bootstrap

Current thread 0x00005494 (most recent call first):
  File "C:\hostedtoolcache\windows\Python\3.14.6\x64\Lib\asyncio\events.py", line 94 in _run
  File "D:\a\yasb\yasb\venv\Lib\site-packages\qasync\__init__.py", line 307 in timerEvent
  File "D:\a\yasb\yasb\venv\Lib\site-packages\qasync\__init__.py", line 404 in run_forever
  File "D:\a\yasb\yasb\venv\Lib\site-packages\qasync\__init__.py", line 428 in run_until_complete
  File "main.py", line 100 in main
  File "main.py", line 203 in <module>
  File "D:\a\yasb\yasb\venv\Lib\site-packages\freeze_core\initscripts\console.py", line 43 in run
  File "src/freeze_core/initscripts/__startup__.py", line 147 in run
2026-08-15 11:23:39,411 [INFO] [MainThread] [root/bar_manager.py:119]: Stopping SystemEventListener...
2026-08-15 11:23:39,449 [INFO] [MainThread] [root/bar_manager.py:119]: Stopping KomorebiEventListener...
2026-08-15 11:23:39,821 [INFO] [MainThread] [root/log.py:104]: YASB v2.0.6
2026-08-15 11:23:39,823 [INFO] [CLIPipeServer] [cli_server/cli_server.py:216]: CLI server started v1.1.7
2026-08-15 11:23:39,824 [INFO] [MainThread] [cli_server/cli_server.py:106]: Log pipe server started
2026-08-15 11:23:39,873 [WARNING] [MainThread] [deprecation/deprecation.py:146]: [DEPRECATED] BarAlignment: 'center' - Use 'align' instead.
2026-08-15 11:23:39,873 [WARNING] [MainThread] [deprecation/deprecation.py:146]: [DEPRECATED] BarBlurEffect: 'acrylic' - No longer supported and can be removed from the config.
2026-08-15 11:23:39,899 [WARNING] [MainThread] [deprecation/deprecation.py:146]: [DEPRECATED] HomeConfig: 'distance' - Use 'offset_top' instead.
2026-08-15 11:23:39,899 [WARNING] [MainThread] [deprecation/deprecation.py:146]: [DEPRECATED] HomeConfig: 'container_padding' - Use CSS padding instead.
2026-08-15 11:23:39,936 [WARNING] [MainThread] [deprecation/deprecation.py:146]: [DEPRECATED] KomorebiWorkspacesConfig: 'animation' - Use CSS animations instead.
2026-08-15 11:23:40,593 [WARNING] [MainThread] [deprecation/deprecation.py:146]: [DEPRECATED] CavaConfig: 'container_padding' - Use CSS padding instead.
2026-08-15 11:23:40,725 [WARNING] [MainThread] [deprecation/deprecation.py:150]: [DEPRECATED] VolumeConfig: 'volume_icons' renamed to 'icons' - Use 'icons' with the dictionary format instead.
2026-08-15 11:23:40,737 [INFO] [MainThread] [root/service.py:52]: AudioOutputService starting...
2026-08-15 11:23:40,846 [WARNING] [MainThread] [deprecation/deprecation.py:146]: [DEPRECATED] GroupLabelConfig: 'distance' - Use 'offset_top' instead.
2026-08-15 11:23:40,873 [WARNING] [MainThread] [deprecation/deprecation.py:146]: [DEPRECATED] GalleryConfig: 'lazy_load_delay' - No longer supported and can be removed from the config.
2026-08-15 11:23:40,874 [WARNING] [MainThread] [deprecation/deprecation.py:146]: [DEPRECATED] GalleryConfig: 'enable_cache' - No longer supported and can be removed from the config.
2026-08-15 11:23:40,995 [INFO] [MainThread] [root/bar_manager.py:103]: Starting KomorebiEventListener...
2026-08-15 11:23:40,995 [INFO] [MainThread] [root/bar_manager.py:103]: Starting SystemEventListener...
2026-08-15 11:23:40,998 [INFO] [MainThread] [root/watcher.py:65]: Watching directory: c:\users\lowie\.config\yasb
2026-08-15 11:23:40,998 [INFO] [MainThread] [root/watcher.py:104]: Created file watcher
2026-08-15 11:23:41,128 [INFO] [Dummy-7] [root/event_listener.py:54]: Created named pipe yasb-0101a6c5-988b-11f1-a9e2-9c67d6e32e56
2026-08-15 11:23:41,248 [WARNING] [Dummy-7] [root/event_listener.py:136]: Komorebi failed to subscribe named pipe. 'komorebic.exe' is not recognized as an internal or external command, operable program or batch file.
2026-08-15 11:23:48,277 [WARNING] [MainThread] [deprecation/deprecation.py:146]: [DEPRECATED] BarAlignment: 'center' - Use 'align' instead.
2026-08-15 11:23:48,277 [WARNING] [MainThread] [deprecation/deprecation.py:146]: [DEPRECATED] BarBlurEffect: 'acrylic' - No longer supported and can be removed from the config.
2026-08-15 11:23:48,278 [INFO] [MainThread] [root/controller.py:21]: Reloading Application because of config change.
2026-08-15 11:23:48,389 [INFO] [MainThread] [cli_server/cli_server.py:114]: Log pipe server stopped
2026-08-15 11:23:48,415 [INFO] [MainThread] [root/bar_manager.py:93]: Successfully loaded updated config and re-initialised all bars.
2026-08-15 11:23:48,536 [INFO] [MainThread] [root/bar_manager.py:119]: Stopping KomorebiEventListener...
2026-08-15 11:23:48,549 [INFO] [MainThread] [root/bar_manager.py:119]: Stopping SystemEventListener...
2026-08-15 11:23:48,987 [INFO] [MainThread] [root/log.py:104]: YASB v2.0.6
2026-08-15 11:23:48,988 [INFO] [CLIPipeServer] [cli_server/cli_server.py:216]: CLI server started v1.1.7
2026-08-15 11:23:48,988 [INFO] [MainThread] [cli_server/cli_server.py:106]: Log pipe server started
2026-08-15 11:23:49,037 [WARNING] [MainThread] [deprecation/deprecation.py:146]: [DEPRECATED] BarAlignment: 'center' - Use 'align' instead.
2026-08-15 11:23:49,037 [WARNING] [MainThread] [deprecation/deprecation.py:146]: [DEPRECATED] BarBlurEffect: 'acrylic' - No longer supported and can be removed from the config.
2026-08-15 11:23:49,063 [WARNING] [MainThread] [deprecation/deprecation.py:146]: [DEPRECATED] HomeConfig: 'distance' - Use 'offset_top' instead.
2026-08-15 11:23:49,063 [WARNING] [MainThread] [deprecation/deprecation.py:146]: [DEPRECATED] HomeConfig: 'container_padding' - Use CSS padding instead.
2026-08-15 11:23:49,102 [WARNING] [MainThread] [deprecation/deprecation.py:146]: [DEPRECATED] KomorebiWorkspacesConfig: 'animation' - Use CSS animations instead.
2026-08-15 11:23:49,751 [WARNING] [MainThread] [deprecation/deprecation.py:146]: [DEPRECATED] CavaConfig: 'container_padding' - Use CSS padding instead.
2026-08-15 11:23:49,880 [WARNING] [MainThread] [deprecation/deprecation.py:150]: [DEPRECATED] VolumeConfig: 'volume_icons' renamed to 'icons' - Use 'icons' with the dictionary format instead.
2026-08-15 11:23:49,892 [INFO] [MainThread] [root/service.py:52]: AudioOutputService starting...
2026-08-15 11:23:49,995 [WARNING] [MainThread] [deprecation/deprecation.py:146]: [DEPRECATED] GroupLabelConfig: 'distance' - Use 'offset_top' instead.
2026-08-15 11:23:50,023 [WARNING] [MainThread] [deprecation/deprecation.py:146]: [DEPRECATED] GalleryConfig: 'lazy_load_delay' - No longer supported and can be removed from the config.
2026-08-15 11:23:50,023 [WARNING] [MainThread] [deprecation/deprecation.py:146]: [DEPRECATED] GalleryConfig: 'enable_cache' - No longer supported and can be removed from the config.
2026-08-15 11:23:50,135 [INFO] [MainThread] [root/bar_manager.py:103]: Starting KomorebiEventListener...
2026-08-15 11:23:50,136 [INFO] [MainThread] [root/bar_manager.py:103]: Starting SystemEventListener...
2026-08-15 11:23:50,138 [INFO] [MainThread] [root/watcher.py:65]: Watching directory: c:\users\lowie\.config\yasb
2026-08-15 11:23:50,138 [INFO] [MainThread] [root/watcher.py:104]: Created file watcher
2026-08-15 11:23:50,280 [INFO] [Dummy-7] [root/event_listener.py:54]: Created named pipe yasb-06745cdc-988b-11f1-a2f4-9c67d6e32e56
2026-08-15 11:23:50,399 [WARNING] [Dummy-7] [root/event_listener.py:136]: Komorebi failed to subscribe named pipe. 'komorebic.exe' is not recognized as an internal or external command, operable program or batch file.
2026-08-15 11:24:30,997 [ERROR] [MainThread] [root/bar_manager.py:80]: Error loading config: while scanning a double-quoted scalar
  in "C:\Users\lowie\.config\yasb\config.yaml", line 216, column 14
expected escape sequence of 4 hexadecimal numbers, but found '{'
  in "C:\Users\lowie\.config\yasb\config.yaml", line 216, column 23
2026-08-15 11:24:32,317 [ERROR] [MainThread] [root/bar_manager.py:80]: Error loading config: while scanning a double-quoted scalar
  in "C:\Users\lowie\.config\yasb\config.yaml", line 216, column 14
expected escape sequence of 4 hexadecimal numbers, but found '{'
  in "C:\Users\lowie\.config\yasb\config.yaml", line 216, column 23
2026-08-15 11:24:47,714 [ERROR] [MainThread] [root/bar_manager.py:80]: Error loading config: while scanning a double-quoted scalar
  in "C:\Users\lowie\.config\yasb\config.yaml", line 216, column 14
expected escape sequence of 4 hexadecimal numbers, but found '<'
  in "C:\Users\lowie\.config\yasb\config.yaml", line 216, column 23
2026-08-15 11:24:49,278 [ERROR] [MainThread] [root/bar_manager.py:80]: Error loading config: while scanning a double-quoted scalar
  in "C:\Users\lowie\.config\yasb\config.yaml", line 216, column 14
expected escape sequence of 4 hexadecimal numbers, but found '<'
  in "C:\Users\lowie\.config\yasb\config.yaml", line 216, column 23
2026-08-15 11:24:50,740 [WARNING] [MainThread] [deprecation/deprecation.py:146]: [DEPRECATED] BarAlignment: 'center' - Use 'align' instead.
2026-08-15 11:24:50,741 [WARNING] [MainThread] [deprecation/deprecation.py:146]: [DEPRECATED] BarBlurEffect: 'acrylic' - No longer supported and can be removed from the config.
2026-08-15 11:24:50,742 [INFO] [MainThread] [root/controller.py:21]: Reloading Application because of config change.
2026-08-15 11:24:50,851 [INFO] [MainThread] [cli_server/cli_server.py:114]: Log pipe server stopped
2026-08-15 11:24:50,863 [INFO] [MainThread] [root/bar_manager.py:93]: Successfully loaded updated config and re-initialised all bars.
2026-08-15 11:24:50,960 [INFO] [MainThread] [root/bar_manager.py:119]: Stopping KomorebiEventListener...
2026-08-15 11:24:50,972 [INFO] [MainThread] [root/bar_manager.py:119]: Stopping SystemEventListener...
2026-08-15 11:24:51,406 [INFO] [MainThread] [root/log.py:104]: YASB v2.0.6
2026-08-15 11:24:51,407 [INFO] [CLIPipeServer] [cli_server/cli_server.py:216]: CLI server started v1.1.7
2026-08-15 11:24:51,407 [INFO] [MainThread] [cli_server/cli_server.py:106]: Log pipe server started
2026-08-15 11:24:51,455 [WARNING] [MainThread] [deprecation/deprecation.py:146]: [DEPRECATED] BarAlignment: 'center' - Use 'align' instead.
2026-08-15 11:24:51,455 [WARNING] [MainThread] [deprecation/deprecation.py:146]: [DEPRECATED] BarBlurEffect: 'acrylic' - No longer supported and can be removed from the config.
2026-08-15 11:24:51,480 [WARNING] [MainThread] [deprecation/deprecation.py:146]: [DEPRECATED] HomeConfig: 'distance' - Use 'offset_top' instead.
2026-08-15 11:24:51,480 [WARNING] [MainThread] [deprecation/deprecation.py:146]: [DEPRECATED] HomeConfig: 'container_padding' - Use CSS padding instead.
2026-08-15 11:24:51,515 [WARNING] [MainThread] [deprecation/deprecation.py:146]: [DEPRECATED] KomorebiWorkspacesConfig: 'animation' - Use CSS animations instead.
2026-08-15 11:24:52,182 [WARNING] [MainThread] [deprecation/deprecation.py:146]: [DEPRECATED] CavaConfig: 'container_padding' - Use CSS padding instead.
2026-08-15 11:24:52,312 [WARNING] [MainThread] [deprecation/deprecation.py:150]: [DEPRECATED] VolumeConfig: 'volume_icons' renamed to 'icons' - Use 'icons' with the dictionary format instead.
2026-08-15 11:24:52,324 [INFO] [MainThread] [root/service.py:52]: AudioOutputService starting...
2026-08-15 11:24:52,430 [WARNING] [MainThread] [deprecation/deprecation.py:146]: [DEPRECATED] GroupLabelConfig: 'distance' - Use 'offset_top' instead.
2026-08-15 11:24:52,458 [WARNING] [MainThread] [deprecation/deprecation.py:146]: [DEPRECATED] GalleryConfig: 'lazy_load_delay' - No longer supported and can be removed from the config.
2026-08-15 11:24:52,458 [WARNING] [MainThread] [deprecation/deprecation.py:146]: [DEPRECATED] GalleryConfig: 'enable_cache' - No longer supported and can be removed from the config.
2026-08-15 11:24:52,583 [INFO] [MainThread] [root/bar_manager.py:103]: Starting SystemEventListener...
2026-08-15 11:24:52,583 [INFO] [MainThread] [root/bar_manager.py:103]: Starting KomorebiEventListener...
2026-08-15 11:24:52,585 [INFO] [MainThread] [root/watcher.py:65]: Watching directory: c:\users\lowie\.config\yasb
2026-08-15 11:24:52,585 [INFO] [MainThread] [root/watcher.py:104]: Created file watcher
2026-08-15 11:24:52,736 [INFO] [Dummy-7] [root/event_listener.py:54]: Created named pipe yasb-2bad22d1-988b-11f1-895e-9c67d6e32e56
2026-08-15 11:24:52,855 [WARNING] [Dummy-7] [root/event_listener.py:136]: Komorebi failed to subscribe named pipe. 'komorebic.exe' is not recognized as an internal or external command, operable program or batch file.
2026-08-15 11:58:59,224 [INFO] [MainThread] [root/controller.py:21]: Reloading Bar from context menu...
2026-08-15 11:58:59,335 [INFO] [MainThread] [cli_server/cli_server.py:114]: Log pipe server stopped
2026-08-15 11:58:59,495 [INFO] [MainThread] [root/bar_manager.py:119]: Stopping SystemEventListener...
2026-08-15 11:58:59,511 [INFO] [MainThread] [root/bar_manager.py:119]: Stopping KomorebiEventListener...
2026-08-15 11:58:59,903 [INFO] [MainThread] [root/log.py:104]: YASB v2.0.6
2026-08-15 11:58:59,904 [INFO] [CLIPipeServer] [cli_server/cli_server.py:216]: CLI server started v1.1.7
2026-08-15 11:58:59,904 [INFO] [MainThread] [cli_server/cli_server.py:106]: Log pipe server started
2026-08-15 11:58:59,972 [WARNING] [MainThread] [deprecation/deprecation.py:146]: [DEPRECATED] BarAlignment: 'center' - Use 'align' instead.
2026-08-15 11:58:59,973 [WARNING] [MainThread] [deprecation/deprecation.py:146]: [DEPRECATED] BarBlurEffect: 'acrylic' - No longer supported and can be removed from the config.
2026-08-15 11:58:59,998 [WARNING] [MainThread] [deprecation/deprecation.py:146]: [DEPRECATED] HomeConfig: 'distance' - Use 'offset_top' instead.
2026-08-15 11:58:59,998 [WARNING] [MainThread] [deprecation/deprecation.py:146]: [DEPRECATED] HomeConfig: 'container_padding' - Use CSS padding instead.
2026-08-15 11:59:00,037 [WARNING] [MainThread] [deprecation/deprecation.py:146]: [DEPRECATED] KomorebiWorkspacesConfig: 'animation' - Use CSS animations instead.
2026-08-15 11:59:00,688 [WARNING] [MainThread] [deprecation/deprecation.py:146]: [DEPRECATED] CavaConfig: 'container_padding' - Use CSS padding instead.
2026-08-15 11:59:00,820 [WARNING] [MainThread] [deprecation/deprecation.py:150]: [DEPRECATED] VolumeConfig: 'volume_icons' renamed to 'icons' - Use 'icons' with the dictionary format instead.
2026-08-15 11:59:00,832 [INFO] [MainThread] [root/service.py:52]: AudioOutputService starting...
2026-08-15 11:59:00,937 [WARNING] [MainThread] [deprecation/deprecation.py:146]: [DEPRECATED] GroupLabelConfig: 'distance' - Use 'offset_top' instead.
2026-08-15 11:59:00,965 [WARNING] [MainThread] [deprecation/deprecation.py:146]: [DEPRECATED] GalleryConfig: 'lazy_load_delay' - No longer supported and can be removed from the config.
2026-08-15 11:59:00,965 [WARNING] [MainThread] [deprecation/deprecation.py:146]: [DEPRECATED] GalleryConfig: 'enable_cache' - No longer supported and can be removed from the config.
2026-08-15 11:59:01,078 [INFO] [MainThread] [root/bar_manager.py:103]: Starting KomorebiEventListener...
2026-08-15 11:59:01,078 [INFO] [MainThread] [root/bar_manager.py:103]: Starting SystemEventListener...
2026-08-15 11:59:01,080 [INFO] [MainThread] [root/watcher.py:65]: Watching directory: c:\users\lowie\.config\yasb
2026-08-15 11:59:01,080 [INFO] [MainThread] [root/watcher.py:104]: Created file watcher
2026-08-15 11:59:01,184 [INFO] [Dummy-7] [root/event_listener.py:54]: Created named pipe yasb-f0aca6e4-988f-11f1-85b7-9c67d6e32e56
2026-08-15 11:59:01,304 [WARNING] [Dummy-7] [root/event_listener.py:136]: Komorebi failed to subscribe named pipe. 'komorebic.exe' is not recognized as an internal or external command, operable program or batch file.
2026-08-15 11:59:53,954 [WARNING] [MainThread] [deprecation/deprecation.py:146]: [DEPRECATED] BarAlignment: 'center' - Use 'align' instead.
2026-08-15 11:59:53,955 [WARNING] [MainThread] [deprecation/deprecation.py:146]: [DEPRECATED] BarBlurEffect: 'acrylic' - No longer supported and can be removed from the config.
2026-08-15 11:59:53,956 [INFO] [MainThread] [root/controller.py:21]: Reloading Application because of config change.
2026-08-15 11:59:54,069 [INFO] [MainThread] [cli_server/cli_server.py:114]: Log pipe server stopped
2026-08-15 11:59:54,091 [INFO] [MainThread] [root/bar_manager.py:93]: Successfully loaded updated config and re-initialised all bars.
2026-08-15 11:59:54,209 [INFO] [MainThread] [root/bar_manager.py:119]: Stopping KomorebiEventListener...
2026-08-15 11:59:54,221 [INFO] [MainThread] [root/bar_manager.py:119]: Stopping SystemEventListener...
2026-08-15 11:59:54,639 [INFO] [MainThread] [root/log.py:104]: YASB v2.0.6
2026-08-15 11:59:54,639 [INFO] [CLIPipeServer] [cli_server/cli_server.py:216]: CLI server started v1.1.7
2026-08-15 11:59:54,640 [INFO] [MainThread] [cli_server/cli_server.py:106]: Log pipe server started
2026-08-15 11:59:54,686 [WARNING] [MainThread] [deprecation/deprecation.py:146]: [DEPRECATED] BarAlignment: 'center' - Use 'align' instead.
2026-08-15 11:59:54,687 [WARNING] [MainThread] [deprecation/deprecation.py:146]: [DEPRECATED] BarBlurEffect: 'acrylic' - No longer supported and can be removed from the config.
2026-08-15 11:59:54,711 [WARNING] [MainThread] [deprecation/deprecation.py:146]: [DEPRECATED] HomeConfig: 'distance' - Use 'offset_top' instead.
2026-08-15 11:59:54,711 [WARNING] [MainThread] [deprecation/deprecation.py:146]: [DEPRECATED] HomeConfig: 'container_padding' - Use CSS padding instead.
2026-08-15 11:59:54,747 [WARNING] [MainThread] [deprecation/deprecation.py:146]: [DEPRECATED] KomorebiWorkspacesConfig: 'animation' - Use CSS animations instead.
2026-08-15 11:59:55,461 [WARNING] [MainThread] [deprecation/deprecation.py:146]: [DEPRECATED] CavaConfig: 'container_padding' - Use CSS padding instead.
2026-08-15 11:59:55,474 [ERROR] [MainThread] [root/cava.py:486]: Invalid gradient color specified: #c4a7e7 
2026-08-15 11:59:55,594 [WARNING] [MainThread] [deprecation/deprecation.py:150]: [DEPRECATED] VolumeConfig: 'volume_icons' renamed to 'icons' - Use 'icons' with the dictionary format instead.
2026-08-15 11:59:55,606 [INFO] [MainThread] [root/service.py:52]: AudioOutputService starting...
2026-08-15 11:59:55,704 [WARNING] [MainThread] [deprecation/deprecation.py:146]: [DEPRECATED] GroupLabelConfig: 'distance' - Use 'offset_top' instead.
2026-08-15 11:59:55,732 [WARNING] [MainThread] [deprecation/deprecation.py:146]: [DEPRECATED] GalleryConfig: 'lazy_load_delay' - No longer supported and can be removed from the config.
2026-08-15 11:59:55,732 [WARNING] [MainThread] [deprecation/deprecation.py:146]: [DEPRECATED] GalleryConfig: 'enable_cache' - No longer supported and can be removed from the config.
2026-08-15 11:59:55,846 [INFO] [MainThread] [root/bar_manager.py:103]: Starting KomorebiEventListener...
2026-08-15 11:59:55,846 [INFO] [MainThread] [root/bar_manager.py:103]: Starting SystemEventListener...
2026-08-15 11:59:55,848 [INFO] [MainThread] [root/watcher.py:65]: Watching directory: c:\users\lowie\.config\yasb
2026-08-15 11:59:55,848 [INFO] [MainThread] [root/watcher.py:104]: Created file watcher
2026-08-15 11:59:55,956 [INFO] [Dummy-7] [root/event_listener.py:54]: Created named pipe yasb-115185ca-9890-11f1-bcff-9c67d6e32e56
2026-08-15 11:59:56,073 [WARNING] [Dummy-7] [root/event_listener.py:136]: Komorebi failed to subscribe named pipe. 'komorebic.exe' is not recognized as an internal or external command, operable program or batch file.
2026-08-15 11:59:57,097 [WARNING] [MainThread] [deprecation/deprecation.py:146]: [DEPRECATED] BarAlignment: 'center' - Use 'align' instead.
2026-08-15 11:59:57,097 [WARNING] [MainThread] [deprecation/deprecation.py:146]: [DEPRECATED] BarBlurEffect: 'acrylic' - No longer supported and can be removed from the config.
2026-08-15 11:59:57,098 [INFO] [MainThread] [root/controller.py:21]: Reloading Application because of config change.
2026-08-15 11:59:57,206 [INFO] [MainThread] [cli_server/cli_server.py:114]: Log pipe server stopped
2026-08-15 11:59:57,224 [INFO] [MainThread] [root/bar_manager.py:93]: Successfully loaded updated config and re-initialised all bars.
2026-08-15 11:59:57,338 [INFO] [MainThread] [root/bar_manager.py:119]: Stopping KomorebiEventListener...
2026-08-15 11:59:57,349 [INFO] [MainThread] [root/bar_manager.py:119]: Stopping SystemEventListener...
2026-08-15 11:59:57,755 [INFO] [MainThread] [root/log.py:104]: YASB v2.0.6
2026-08-15 11:59:57,756 [INFO] [CLIPipeServer] [cli_server/cli_server.py:216]: CLI server started v1.1.7
2026-08-15 11:59:57,756 [INFO] [MainThread] [cli_server/cli_server.py:106]: Log pipe server started
2026-08-15 11:59:57,807 [WARNING] [MainThread] [deprecation/deprecation.py:146]: [DEPRECATED] BarAlignment: 'center' - Use 'align' instead.
2026-08-15 11:59:57,807 [WARNING] [MainThread] [deprecation/deprecation.py:146]: [DEPRECATED] BarBlurEffect: 'acrylic' - No longer supported and can be removed from the config.
2026-08-15 11:59:57,832 [WARNING] [MainThread] [deprecation/deprecation.py:146]: [DEPRECATED] HomeConfig: 'distance' - Use 'offset_top' instead.
2026-08-15 11:59:57,832 [WARNING] [MainThread] [deprecation/deprecation.py:146]: [DEPRECATED] HomeConfig: 'container_padding' - Use CSS padding instead.
2026-08-15 11:59:57,868 [WARNING] [MainThread] [deprecation/deprecation.py:146]: [DEPRECATED] KomorebiWorkspacesConfig: 'animation' - Use CSS animations instead.
2026-08-15 11:59:58,409 [WARNING] [MainThread] [deprecation/deprecation.py:146]: [DEPRECATED] CavaConfig: 'container_padding' - Use CSS padding instead.
2026-08-15 11:59:58,535 [WARNING] [MainThread] [deprecation/deprecation.py:150]: [DEPRECATED] VolumeConfig: 'volume_icons' renamed to 'icons' - Use 'icons' with the dictionary format instead.
2026-08-15 11:59:58,547 [INFO] [MainThread] [root/service.py:52]: AudioOutputService starting...
2026-08-15 11:59:58,666 [WARNING] [MainThread] [deprecation/deprecation.py:146]: [DEPRECATED] GroupLabelConfig: 'distance' - Use 'offset_top' instead.
2026-08-15 11:59:58,694 [WARNING] [MainThread] [deprecation/deprecation.py:146]: [DEPRECATED] GalleryConfig: 'lazy_load_delay' - No longer supported and can be removed from the config.
2026-08-15 11:59:58,695 [WARNING] [MainThread] [deprecation/deprecation.py:146]: [DEPRECATED] GalleryConfig: 'enable_cache' - No longer supported and can be removed from the config.
2026-08-15 11:59:58,830 [INFO] [MainThread] [root/bar_manager.py:103]: Starting KomorebiEventListener...
2026-08-15 11:59:58,830 [INFO] [MainThread] [root/bar_manager.py:103]: Starting SystemEventListener...
2026-08-15 11:59:58,831 [INFO] [MainThread] [root/watcher.py:65]: Watching directory: c:\users\lowie\.config\yasb
2026-08-15 11:59:58,831 [INFO] [MainThread] [root/watcher.py:104]: Created file watcher
2026-08-15 11:59:58,944 [INFO] [Dummy-7] [root/event_listener.py:54]: Created named pipe yasb-1318d7ae-9890-11f1-bb0d-9c67d6e32e56
2026-08-15 11:59:59,069 [WARNING] [Dummy-7] [root/event_listener.py:136]: Komorebi failed to subscribe named pipe. 'komorebic.exe' is not recognized as an internal or external command, operable program or batch file.
2026-08-15 12:00:02,245 [WARNING] [MainThread] [deprecation/deprecation.py:146]: [DEPRECATED] BarAlignment: 'center' - Use 'align' instead.
2026-08-15 12:00:02,246 [WARNING] [MainThread] [deprecation/deprecation.py:146]: [DEPRECATED] BarBlurEffect: 'acrylic' - No longer supported and can be removed from the config.
2026-08-15 12:00:02,246 [INFO] [MainThread] [root/controller.py:21]: Reloading Application because of config change.
2026-08-15 12:00:02,354 [INFO] [MainThread] [cli_server/cli_server.py:114]: Log pipe server stopped
2026-08-15 12:00:02,374 [INFO] [MainThread] [root/bar_manager.py:93]: Successfully loaded updated config and re-initialised all bars.
2026-08-15 12:00:02,481 [INFO] [MainThread] [root/bar_manager.py:119]: Stopping KomorebiEventListener...
2026-08-15 12:00:02,490 [INFO] [MainThread] [root/bar_manager.py:119]: Stopping SystemEventListener...
2026-08-15 12:00:02,925 [INFO] [MainThread] [root/log.py:104]: YASB v2.0.6
2026-08-15 12:00:02,925 [INFO] [CLIPipeServer] [cli_server/cli_server.py:216]: CLI server started v1.1.7
2026-08-15 12:00:02,926 [INFO] [MainThread] [cli_server/cli_server.py:106]: Log pipe server started
2026-08-15 12:00:02,974 [WARNING] [MainThread] [deprecation/deprecation.py:146]: [DEPRECATED] BarAlignment: 'center' - Use 'align' instead.
2026-08-15 12:00:02,974 [WARNING] [MainThread] [deprecation/deprecation.py:146]: [DEPRECATED] BarBlurEffect: 'acrylic' - No longer supported and can be removed from the config.
2026-08-15 12:00:02,998 [WARNING] [MainThread] [deprecation/deprecation.py:146]: [DEPRECATED] HomeConfig: 'distance' - Use 'offset_top' instead.
2026-08-15 12:00:02,999 [WARNING] [MainThread] [deprecation/deprecation.py:146]: [DEPRECATED] HomeConfig: 'container_padding' - Use CSS padding instead.
2026-08-15 12:00:03,034 [WARNING] [MainThread] [deprecation/deprecation.py:146]: [DEPRECATED] KomorebiWorkspacesConfig: 'animation' - Use CSS animations instead.
2026-08-15 12:00:03,739 [WARNING] [MainThread] [deprecation/deprecation.py:146]: [DEPRECATED] CavaConfig: 'container_padding' - Use CSS padding instead.
2026-08-15 12:00:03,748 [ERROR] [MainThread] [root/cava.py:486]: Invalid gradient color specified: #c4a7e7 
2026-08-15 12:00:03,869 [WARNING] [MainThread] [deprecation/deprecation.py:150]: [DEPRECATED] VolumeConfig: 'volume_icons' renamed to 'icons' - Use 'icons' with the dictionary format instead.
2026-08-15 12:00:03,881 [INFO] [MainThread] [root/service.py:52]: AudioOutputService starting...
2026-08-15 12:00:03,979 [WARNING] [MainThread] [deprecation/deprecation.py:146]: [DEPRECATED] GroupLabelConfig: 'distance' - Use 'offset_top' instead.
2026-08-15 12:00:04,007 [WARNING] [MainThread] [deprecation/deprecation.py:146]: [DEPRECATED] GalleryConfig: 'lazy_load_delay' - No longer supported and can be removed from the config.
2026-08-15 12:00:04,007 [WARNING] [MainThread] [deprecation/deprecation.py:146]: [DEPRECATED] GalleryConfig: 'enable_cache' - No longer supported and can be removed from the config.
2026-08-15 12:00:04,127 [INFO] [MainThread] [root/bar_manager.py:103]: Starting SystemEventListener...
2026-08-15 12:00:04,128 [INFO] [MainThread] [root/bar_manager.py:103]: Starting KomorebiEventListener...
2026-08-15 12:00:04,129 [INFO] [MainThread] [root/watcher.py:65]: Watching directory: c:\users\lowie\.config\yasb
2026-08-15 12:00:04,129 [INFO] [MainThread] [root/watcher.py:104]: Created file watcher
2026-08-15 12:00:04,216 [INFO] [Dummy-7] [root/event_listener.py:54]: Created named pipe yasb-164139f7-9890-11f1-8f51-9c67d6e32e56
2026-08-15 12:00:04,347 [WARNING] [Dummy-7] [root/event_listener.py:136]: Komorebi failed to subscribe named pipe. 'komorebic.exe' is not recognized as an internal or external command, operable program or batch file.
2026-08-15 12:00:11,879 [WARNING] [MainThread] [deprecation/deprecation.py:146]: [DEPRECATED] BarAlignment: 'center' - Use 'align' instead.
2026-08-15 12:00:11,880 [WARNING] [MainThread] [deprecation/deprecation.py:146]: [DEPRECATED] BarBlurEffect: 'acrylic' - No longer supported and can be removed from the config.
2026-08-15 12:00:11,881 [INFO] [MainThread] [root/controller.py:21]: Reloading Application because of config change.
2026-08-15 12:00:11,984 [INFO] [MainThread] [cli_server/cli_server.py:114]: Log pipe server stopped
2026-08-15 12:00:12,005 [INFO] [MainThread] [root/bar_manager.py:93]: Successfully loaded updated config and re-initialised all bars.
2026-08-15 12:00:12,117 [INFO] [MainThread] [root/bar_manager.py:119]: Stopping SystemEventListener...
2026-08-15 12:00:12,138 [INFO] [MainThread] [root/bar_manager.py:119]: Stopping KomorebiEventListener...
2026-08-15 12:00:12,556 [INFO] [MainThread] [root/log.py:104]: YASB v2.0.6
2026-08-15 12:00:12,556 [INFO] [CLIPipeServer] [cli_server/cli_server.py:216]: CLI server started v1.1.7
2026-08-15 12:00:12,557 [INFO] [MainThread] [cli_server/cli_server.py:106]: Log pipe server started
2026-08-15 12:00:12,606 [WARNING] [MainThread] [deprecation/deprecation.py:146]: [DEPRECATED] BarAlignment: 'center' - Use 'align' instead.
2026-08-15 12:00:12,606 [WARNING] [MainThread] [deprecation/deprecation.py:146]: [DEPRECATED] BarBlurEffect: 'acrylic' - No longer supported and can be removed from the config.
2026-08-15 12:00:12,631 [WARNING] [MainThread] [deprecation/deprecation.py:146]: [DEPRECATED] HomeConfig: 'distance' - Use 'offset_top' instead.
2026-08-15 12:00:12,631 [WARNING] [MainThread] [deprecation/deprecation.py:146]: [DEPRECATED] HomeConfig: 'container_padding' - Use CSS padding instead.
2026-08-15 12:00:12,670 [WARNING] [MainThread] [deprecation/deprecation.py:146]: [DEPRECATED] KomorebiWorkspacesConfig: 'animation' - Use CSS animations instead.
2026-08-15 12:00:13,472 [WARNING] [MainThread] [deprecation/deprecation.py:146]: [DEPRECATED] CavaConfig: 'container_padding' - Use CSS padding instead.
2026-08-15 12:00:13,485 [ERROR] [MainThread] [root/cava.py:486]: Invalid gradient color specified: #ea9a97 
2026-08-15 12:00:13,604 [WARNING] [MainThread] [deprecation/deprecation.py:150]: [DEPRECATED] VolumeConfig: 'volume_icons' renamed to 'icons' - Use 'icons' with the dictionary format instead.
2026-08-15 12:00:13,616 [INFO] [MainThread] [root/service.py:52]: AudioOutputService starting...
2026-08-15 12:00:13,718 [WARNING] [MainThread] [deprecation/deprecation.py:146]: [DEPRECATED] GroupLabelConfig: 'distance' - Use 'offset_top' instead.
2026-08-15 12:00:13,746 [WARNING] [MainThread] [deprecation/deprecation.py:146]: [DEPRECATED] GalleryConfig: 'lazy_load_delay' - No longer supported and can be removed from the config.
2026-08-15 12:00:13,746 [WARNING] [MainThread] [deprecation/deprecation.py:146]: [DEPRECATED] GalleryConfig: 'enable_cache' - No longer supported and can be removed from the config.
2026-08-15 12:00:13,859 [INFO] [MainThread] [root/bar_manager.py:103]: Starting KomorebiEventListener...
2026-08-15 12:00:13,860 [INFO] [MainThread] [root/bar_manager.py:103]: Starting SystemEventListener...
2026-08-15 12:00:13,861 [INFO] [MainThread] [root/watcher.py:65]: Watching directory: c:\users\lowie\.config\yasb
2026-08-15 12:00:13,861 [INFO] [MainThread] [root/watcher.py:104]: Created file watcher
2026-08-15 12:00:13,969 [INFO] [Dummy-7] [root/event_listener.py:54]: Created named pipe yasb-1c0e3be2-9890-11f1-81c7-9c67d6e32e56
2026-08-15 12:00:14,065 [WARNING] [MainThread] [deprecation/deprecation.py:146]: [DEPRECATED] BarAlignment: 'center' - Use 'align' instead.
2026-08-15 12:00:14,065 [WARNING] [MainThread] [deprecation/deprecation.py:146]: [DEPRECATED] BarBlurEffect: 'acrylic' - No longer supported and can be removed from the config.
2026-08-15 12:00:14,066 [INFO] [MainThread] [root/controller.py:21]: Reloading Application because of config change.
2026-08-15 12:00:14,096 [WARNING] [Dummy-7] [root/event_listener.py:136]: Komorebi failed to subscribe named pipe. 'komorebic.exe' is not recognized as an internal or external command, operable program or batch file.
2026-08-15 12:00:14,168 [INFO] [MainThread] [cli_server/cli_server.py:114]: Log pipe server stopped
2026-08-15 12:00:14,178 [INFO] [MainThread] [root/bar_manager.py:93]: Successfully loaded updated config and re-initialised all bars.
Windows fatal exception: code 0x8001010e

Thread 0x00006880 [SystemEventListener] (most recent call first):
  File "D:\a\yasb\yasb\src\core\utils\win32\event_listener.py", line 69 in run

Thread 0x00009a48 [KomorebiEventListener] (most recent call first):
  File "C:\hostedtoolcache\windows\Python\3.14.6\x64\Lib\threading.py", line 373 in wait
  File "C:\hostedtoolcache\windows\Python\3.14.6\x64\Lib\threading.py", line 670 in wait
  File "D:\a\yasb\yasb\src\core\widgets\services\komorebi\event_listener.py", line 139 in _wait_until_komorebi_online
  File "D:\a\yasb\yasb\src\core\widgets\services\komorebi\event_listener.py", line 69 in run

Thread 0x000067c4 [Thread-5] (most recent call first):
  File "C:\hostedtoolcache\windows\Python\3.14.6\x64\Lib\threading.py", line 369 in wait
  File "C:\hostedtoolcache\windows\Python\3.14.6\x64\Lib\queue.py", line 199 in get
  File "D:\a\yasb\yasb\venv\Lib\site-packages\watchdog\observers\api.py", line 379 in dispatch_events
  File "D:\a\yasb\yasb\venv\Lib\site-packages\watchdog\observers\api.py", line 213 in run
  File "C:\hostedtoolcache\windows\Python\3.14.6\x64\Lib\threading.py", line 1082 in _bootstrap_inner
  File "C:\hostedtoolcache\windows\Python\3.14.6\x64\Lib\threading.py", line 1044 in _bootstrap

Thread 0x00007cb4 [Thread-6] (most recent call first):
  File "D:\a\yasb\yasb\venv\Lib\site-packages\watchdog\observers\winapi.py", line 326 in read_directory_changes
  File "D:\a\yasb\yasb\venv\Lib\site-packages\watchdog\observers\winapi.py", line 380 in read_events
  File "D:\a\yasb\yasb\venv\Lib\site-packages\watchdog\observers\read_directory_changes.py", line 67 in _read_events
  File "D:\a\yasb\yasb\venv\Lib\site-packages\watchdog\observers\read_directory_changes.py", line 70 in queue_events
  File "D:\a\yasb\yasb\venv\Lib\site-packages\watchdog\observers\api.py", line 158 in run
  File "C:\hostedtoolcache\windows\Python\3.14.6\x64\Lib\threading.py", line 1082 in _bootstrap_inner
  File "C:\hostedtoolcache\windows\Python\3.14.6\x64\Lib\threading.py", line 1044 in _bootstrap

Thread 0x00009878 [MemoryWorker] (most recent call first):
  File "C:\hostedtoolcache\windows\Python\3.14.6\x64\Lib\threading.py", line 373 in wait
  File "C:\hostedtoolcache\windows\Python\3.14.6\x64\Lib\threading.py", line 670 in wait
  File "D:\a\yasb\yasb\src\core\widgets\services\memory\memory_api.py", line 247 in run

Thread 0x000091f8 [GpuWorker] (most recent call first):
  File "C:\hostedtoolcache\windows\Python\3.14.6\x64\Lib\threading.py", line 373 in wait
  File "C:\hostedtoolcache\windows\Python\3.14.6\x64\Lib\threading.py", line 670 in wait
  File "D:\a\yasb\yasb\src\core\widgets\services\gpu\gpu_api.py", line 546 in run

Thread 0x00009d24 [CpuWorker] (most recent call first):
  File "C:\hostedtoolcache\windows\Python\3.14.6\x64\Lib\threading.py", line 373 in wait
  File "C:\hostedtoolcache\windows\Python\3.14.6\x64\Lib\threading.py", line 670 in wait
  File "D:\a\yasb\yasb\src\core\widgets\services\cpu\cpu_api.py", line 343 in run

Thread 0x00009950 [_EventWorker] (most recent call first):
  File "D:\a\yasb\yasb\venv\Lib\site-packages\qasync\_windows.py", line 147 in _poll
  File "D:\a\yasb\yasb\venv\Lib\site-packages\qasync\_windows.py", line 72 in select
  File "D:\a\yasb\yasb\venv\Lib\site-packages\qasync\_windows.py", line 199 in run

Thread 0x00005ac0 [LogPipeServer] (most recent call first):
  File "D:\a\yasb\yasb\src\core\utils\cli_server.py", line 166 in _run_server
  File "C:\hostedtoolcache\windows\Python\3.14.6\x64\Lib\threading.py", line 1024 in run
  File "C:\hostedtoolcache\windows\Python\3.14.6\x64\Lib\threading.py", line 1082 in _bootstrap_inner
  File "C:\hostedtoolcache\windows\Python\3.14.6\x64\Lib\threading.py", line 1044 in _bootstrap

Thread 0x00008d30 [CLIPipeServer] (most recent call first):
  File "D:\a\yasb\yasb\src\core\utils\win32\bindings\kernel32.py", line 291 in ConnectNamedPipe
  File "D:\a\yasb\yasb\src\core\utils\cli_server.py", line 235 in _run_server
  File "C:\hostedtoolcache\windows\Python\3.14.6\x64\Lib\threading.py", line 1024 in run
  File "C:\hostedtoolcache\windows\Python\3.14.6\x64\Lib\threading.py", line 1082 in _bootstrap_inner
  File "C:\hostedtoolcache\windows\Python\3.14.6\x64\Lib\threading.py", line 1044 in _bootstrap

Current thread 0x00009890 (most recent call first):
  File "C:\hostedtoolcache\windows\Python\3.14.6\x64\Lib\asyncio\events.py", line 94 in _run
  File "D:\a\yasb\yasb\venv\Lib\site-packages\qasync\__init__.py", line 307 in timerEvent
  File "D:\a\yasb\yasb\venv\Lib\site-packages\qasync\__init__.py", line 404 in run_forever
  File "D:\a\yasb\yasb\venv\Lib\site-packages\qasync\__init__.py", line 428 in run_until_complete
  File "main.py", line 100 in main
  File "main.py", line 203 in <module>
  File "D:\a\yasb\yasb\venv\Lib\site-packages\freeze_core\initscripts\console.py", line 43 in run
  File "src/freeze_core/initscripts/__startup__.py", line 147 in run
Windows fatal exception: code 0x8001010e

Thread 0x00006880 [SystemEventListener] (most recent call first):
  File "D:\a\yasb\yasb\src\core\utils\win32\event_listener.py", line 69 in run

Thread 0x00009a48 [KomorebiEventListener] (most recent call first):
  File "C:\hostedtoolcache\windows\Python\3.14.6\x64\Lib\threading.py", line 373 in wait
  File "C:\hostedtoolcache\windows\Python\3.14.6\x64\Lib\threading.py", line 670 in wait
  File "D:\a\yasb\yasb\src\core\widgets\services\komorebi\event_listener.py", line 139 in _wait_until_komorebi_online
  File "D:\a\yasb\yasb\src\core\widgets\services\komorebi\event_listener.py", line 69 in run

Thread 0x000067c4 [Thread-5] (most recent call first):
  File "C:\hostedtoolcache\windows\Python\3.14.6\x64\Lib\threading.py", line 369 in wait
  File "C:\hostedtoolcache\windows\Python\3.14.6\x64\Lib\queue.py", line 199 in get
  File "D:\a\yasb\yasb\venv\Lib\site-packages\watchdog\observers\api.py", line 379 in dispatch_events
  File "D:\a\yasb\yasb\venv\Lib\site-packages\watchdog\observers\api.py", line 213 in run
  File "C:\hostedtoolcache\windows\Python\3.14.6\x64\Lib\threading.py", line 1082 in _bootstrap_inner
  File "C:\hostedtoolcache\windows\Python\3.14.6\x64\Lib\threading.py", line 1044 in _bootstrap

Thread 0x00007cb4 [Thread-6] (most recent call first):
  File "D:\a\yasb\yasb\venv\Lib\site-packages\watchdog\observers\winapi.py", line 326 in read_directory_changes
  File "D:\a\yasb\yasb\venv\Lib\site-packages\watchdog\observers\winapi.py", line 380 in read_events
  File "D:\a\yasb\yasb\venv\Lib\site-packages\watchdog\observers\read_directory_changes.py", line 67 in _read_events
  File "D:\a\yasb\yasb\venv\Lib\site-packages\watchdog\observers\read_directory_changes.py", line 70 in queue_events
  File "D:\a\yasb\yasb\venv\Lib\site-packages\watchdog\observers\api.py", line 158 in run
  File "C:\hostedtoolcache\windows\Python\3.14.6\x64\Lib\threading.py", line 1082 in _bootstrap_inner
  File "C:\hostedtoolcache\windows\Python\3.14.6\x64\Lib\threading.py", line 1044 in _bootstrap

Thread 0x00009878 [MemoryWorker] (most recent call first):
  File "C:\hostedtoolcache\windows\Python\3.14.6\x64\Lib\threading.py", line 373 in wait
  File "C:\hostedtoolcache\windows\Python\3.14.6\x64\Lib\threading.py", line 670 in wait
  File "D:\a\yasb\yasb\src\core\widgets\services\memory\memory_api.py", line 247 in run

Thread 0x000091f8 [GpuWorker] (most recent call first):
  File "C:\hostedtoolcache\windows\Python\3.14.6\x64\Lib\threading.py", line 373 in wait
  File "C:\hostedtoolcache\windows\Python\3.14.6\x64\Lib\threading.py", line 670 in wait
  File "D:\a\yasb\yasb\src\core\widgets\services\gpu\gpu_api.py", line 546 in run

Thread 0x00009d24 [CpuWorker] (most recent call first):
  File "C:\hostedtoolcache\windows\Python\3.14.6\x64\Lib\threading.py", line 373 in wait
  File "C:\hostedtoolcache\windows\Python\3.14.6\x64\Lib\threading.py", line 670 in wait
  File "D:\a\yasb\yasb\src\core\widgets\services\cpu\cpu_api.py", line 343 in run

Thread 0x00009950 [_EventWorker] (most recent call first):
  File "D:\a\yasb\yasb\venv\Lib\site-packages\qasync\_windows.py", line 147 in _poll
  File "D:\a\yasb\yasb\venv\Lib\site-packages\qasync\_windows.py", line 72 in select
  File "D:\a\yasb\yasb\venv\Lib\site-packages\qasync\_windows.py", line 199 in run

Thread 0x00005ac0 [LogPipeServer] (most recent call first):
  File "D:\a\yasb\yasb\src\core\utils\cli_server.py", line 166 in _run_server
  File "C:\hostedtoolcache\windows\Python\3.14.6\x64\Lib\threading.py", line 1024 in run
  File "C:\hostedtoolcache\windows\Python\3.14.6\x64\Lib\threading.py", line 1082 in _bootstrap_inner
  File "C:\hostedtoolcache\windows\Python\3.14.6\x64\Lib\threading.py", line 1044 in _bootstrap

Thread 0x00008d30 [CLIPipeServer] (most recent call first):
  File "D:\a\yasb\yasb\src\core\utils\win32\bindings\kernel32.py", line 291 in ConnectNamedPipe
  File "D:\a\yasb\yasb\src\core\utils\cli_server.py", line 235 in _run_server
  File "C:\hostedtoolcache\windows\Python\3.14.6\x64\Lib\threading.py", line 1024 in run
  File "C:\hostedtoolcache\windows\Python\3.14.6\x64\Lib\threading.py", line 1082 in _bootstrap_inner
  File "C:\hostedtoolcache\windows\Python\3.14.6\x64\Lib\threading.py", line 1044 in _bootstrap

Current thread 0x00009890 (most recent call first):
  File "C:\hostedtoolcache\windows\Python\3.14.6\x64\Lib\asyncio\events.py", line 94 in _run
  File "D:\a\yasb\yasb\venv\Lib\site-packages\qasync\__init__.py", line 307 in timerEvent
  File "D:\a\yasb\yasb\venv\Lib\site-packages\qasync\__init__.py", line 404 in run_forever
  File "D:\a\yasb\yasb\venv\Lib\site-packages\qasync\__init__.py", line 428 in run_until_complete
  File "main.py", line 100 in main
  File "main.py", line 203 in <module>
  File "D:\a\yasb\yasb\venv\Lib\site-packages\freeze_core\initscripts\console.py", line 43 in run
  File "src/freeze_core/initscripts/__startup__.py", line 147 in run
2026-08-15 12:00:14,301 [INFO] [MainThread] [root/bar_manager.py:119]: Stopping KomorebiEventListener...
2026-08-15 12:00:14,310 [INFO] [MainThread] [root/bar_manager.py:119]: Stopping SystemEventListener...
2026-08-15 12:00:14,685 [INFO] [MainThread] [root/log.py:104]: YASB v2.0.6
2026-08-15 12:00:14,685 [INFO] [CLIPipeServer] [cli_server/cli_server.py:216]: CLI server started v1.1.7
2026-08-15 12:00:14,686 [INFO] [MainThread] [cli_server/cli_server.py:106]: Log pipe server started
2026-08-15 12:00:14,734 [WARNING] [MainThread] [deprecation/deprecation.py:146]: [DEPRECATED] BarAlignment: 'center' - Use 'align' instead.
2026-08-15 12:00:14,734 [WARNING] [MainThread] [deprecation/deprecation.py:146]: [DEPRECATED] BarBlurEffect: 'acrylic' - No longer supported and can be removed from the config.
2026-08-15 12:00:14,759 [WARNING] [MainThread] [deprecation/deprecation.py:146]: [DEPRECATED] HomeConfig: 'distance' - Use 'offset_top' instead.
2026-08-15 12:00:14,759 [WARNING] [MainThread] [deprecation/deprecation.py:146]: [DEPRECATED] HomeConfig: 'container_padding' - Use CSS padding instead.
2026-08-15 12:00:14,794 [WARNING] [MainThread] [deprecation/deprecation.py:146]: [DEPRECATED] KomorebiWorkspacesConfig: 'animation' - Use CSS animations instead.
2026-08-15 12:00:15,432 [WARNING] [MainThread] [deprecation/deprecation.py:146]: [DEPRECATED] CavaConfig: 'container_padding' - Use CSS padding instead.
2026-08-15 12:00:15,563 [WARNING] [MainThread] [deprecation/deprecation.py:150]: [DEPRECATED] VolumeConfig: 'volume_icons' renamed to 'icons' - Use 'icons' with the dictionary format instead.
2026-08-15 12:00:15,576 [INFO] [MainThread] [root/service.py:52]: AudioOutputService starting...
2026-08-15 12:00:15,693 [WARNING] [MainThread] [deprecation/deprecation.py:146]: [DEPRECATED] GroupLabelConfig: 'distance' - Use 'offset_top' instead.
2026-08-15 12:00:15,721 [WARNING] [MainThread] [deprecation/deprecation.py:146]: [DEPRECATED] GalleryConfig: 'lazy_load_delay' - No longer supported and can be removed from the config.
2026-08-15 12:00:15,721 [WARNING] [MainThread] [deprecation/deprecation.py:146]: [DEPRECATED] GalleryConfig: 'enable_cache' - No longer supported and can be removed from the config.
2026-08-15 12:00:15,850 [INFO] [MainThread] [root/bar_manager.py:103]: Starting SystemEventListener...
2026-08-15 12:00:15,850 [INFO] [MainThread] [root/bar_manager.py:103]: Starting KomorebiEventListener...
2026-08-15 12:00:15,851 [INFO] [MainThread] [root/watcher.py:65]: Watching directory: c:\users\lowie\.config\yasb
2026-08-15 12:00:15,852 [INFO] [MainThread] [root/watcher.py:104]: Created file watcher
2026-08-15 12:00:15,955 [INFO] [Dummy-7] [root/event_listener.py:54]: Created named pipe yasb-1d3dfe7a-9890-11f1-8a74-9c67d6e32e56
2026-08-15 12:00:16,083 [WARNING] [Dummy-7] [root/event_listener.py:136]: Komorebi failed to subscribe named pipe. 'komorebic.exe' is not recognized as an internal or external command, operable program or batch file.
2026-08-15 12:00:18,502 [WARNING] [MainThread] [deprecation/deprecation.py:146]: [DEPRECATED] BarAlignment: 'center' - Use 'align' instead.
2026-08-15 12:00:18,502 [WARNING] [MainThread] [deprecation/deprecation.py:146]: [DEPRECATED] BarBlurEffect: 'acrylic' - No longer supported and can be removed from the config.
2026-08-15 12:00:18,503 [INFO] [MainThread] [root/controller.py:21]: Reloading Application because of config change.
2026-08-15 12:00:18,614 [INFO] [MainThread] [cli_server/cli_server.py:114]: Log pipe server stopped
2026-08-15 12:00:18,637 [INFO] [MainThread] [root/bar_manager.py:93]: Successfully loaded updated config and re-initialised all bars.
2026-08-15 12:00:18,755 [INFO] [MainThread] [root/bar_manager.py:119]: Stopping SystemEventListener...
2026-08-15 12:00:18,774 [INFO] [MainThread] [root/bar_manager.py:119]: Stopping KomorebiEventListener...
2026-08-15 12:00:19,177 [INFO] [MainThread] [root/log.py:104]: YASB v2.0.6
2026-08-15 12:00:19,177 [INFO] [CLIPipeServer] [cli_server/cli_server.py:216]: CLI server started v1.1.7
2026-08-15 12:00:19,177 [INFO] [MainThread] [cli_server/cli_server.py:106]: Log pipe server started
2026-08-15 12:00:19,226 [WARNING] [MainThread] [deprecation/deprecation.py:146]: [DEPRECATED] BarAlignment: 'center' - Use 'align' instead.
2026-08-15 12:00:19,227 [WARNING] [MainThread] [deprecation/deprecation.py:146]: [DEPRECATED] BarBlurEffect: 'acrylic' - No longer supported and can be removed from the config.
2026-08-15 12:00:19,251 [WARNING] [MainThread] [deprecation/deprecation.py:146]: [DEPRECATED] HomeConfig: 'distance' - Use 'offset_top' instead.
2026-08-15 12:00:19,251 [WARNING] [MainThread] [deprecation/deprecation.py:146]: [DEPRECATED] HomeConfig: 'container_padding' - Use CSS padding instead.
2026-08-15 12:00:19,287 [WARNING] [MainThread] [deprecation/deprecation.py:146]: [DEPRECATED] KomorebiWorkspacesConfig: 'animation' - Use CSS animations instead.
2026-08-15 12:00:19,932 [WARNING] [MainThread] [deprecation/deprecation.py:146]: [DEPRECATED] CavaConfig: 'container_padding' - Use CSS padding instead.
2026-08-15 12:00:19,940 [ERROR] [MainThread] [root/cava.py:486]: Invalid gradient color specified: #ea9a97 
2026-08-15 12:00:20,063 [WARNING] [MainThread] [deprecation/deprecation.py:150]: [DEPRECATED] VolumeConfig: 'volume_icons' renamed to 'icons' - Use 'icons' with the dictionary format instead.
2026-08-15 12:00:20,075 [INFO] [MainThread] [root/service.py:52]: AudioOutputService starting...
2026-08-15 12:00:20,177 [WARNING] [MainThread] [deprecation/deprecation.py:146]: [DEPRECATED] GroupLabelConfig: 'distance' - Use 'offset_top' instead.
2026-08-15 12:00:20,205 [WARNING] [MainThread] [deprecation/deprecation.py:146]: [DEPRECATED] GalleryConfig: 'lazy_load_delay' - No longer supported and can be removed from the config.
2026-08-15 12:00:20,205 [WARNING] [MainThread] [deprecation/deprecation.py:146]: [DEPRECATED] GalleryConfig: 'enable_cache' - No longer supported and can be removed from the config.
2026-08-15 12:00:20,320 [INFO] [MainThread] [root/bar_manager.py:103]: Starting KomorebiEventListener...
2026-08-15 12:00:20,320 [INFO] [MainThread] [root/bar_manager.py:103]: Starting SystemEventListener...
2026-08-15 12:00:20,321 [INFO] [MainThread] [root/watcher.py:65]: Watching directory: c:\users\lowie\.config\yasb
2026-08-15 12:00:20,322 [INFO] [MainThread] [root/watcher.py:104]: Created file watcher
2026-08-15 12:00:20,418 [INFO] [Dummy-7] [root/event_listener.py:54]: Created named pipe yasb-1fe801e2-9890-11f1-8fef-9c67d6e32e56
2026-08-15 12:00:20,525 [WARNING] [Dummy-7] [root/event_listener.py:136]: Komorebi failed to subscribe named pipe. 'komorebic.exe' is not recognized as an internal or external command, operable program or batch file.
2026-08-15 12:00:41,827 [INFO] [MainThread] [root/controller.py:21]: Reloading Bar from context menu...
2026-08-15 12:00:41,933 [INFO] [MainThread] [cli_server/cli_server.py:114]: Log pipe server stopped
2026-08-15 12:00:42,096 [INFO] [MainThread] [root/bar_manager.py:119]: Stopping KomorebiEventListener...
2026-08-15 12:00:42,102 [INFO] [MainThread] [root/bar_manager.py:119]: Stopping SystemEventListener...
2026-08-15 12:00:42,486 [INFO] [MainThread] [root/log.py:104]: YASB v2.0.6
2026-08-15 12:00:42,487 [INFO] [CLIPipeServer] [cli_server/cli_server.py:216]: CLI server started v1.1.7
2026-08-15 12:00:42,487 [INFO] [MainThread] [cli_server/cli_server.py:106]: Log pipe server started
2026-08-15 12:00:42,536 [WARNING] [MainThread] [deprecation/deprecation.py:146]: [DEPRECATED] BarAlignment: 'center' - Use 'align' instead.
2026-08-15 12:00:42,536 [WARNING] [MainThread] [deprecation/deprecation.py:146]: [DEPRECATED] BarBlurEffect: 'acrylic' - No longer supported and can be removed from the config.
2026-08-15 12:00:42,561 [WARNING] [MainThread] [deprecation/deprecation.py:146]: [DEPRECATED] HomeConfig: 'distance' - Use 'offset_top' instead.
2026-08-15 12:00:42,561 [WARNING] [MainThread] [deprecation/deprecation.py:146]: [DEPRECATED] HomeConfig: 'container_padding' - Use CSS padding instead.
2026-08-15 12:00:42,597 [WARNING] [MainThread] [deprecation/deprecation.py:146]: [DEPRECATED] KomorebiWorkspacesConfig: 'animation' - Use CSS animations instead.
2026-08-15 12:00:43,171 [WARNING] [MainThread] [deprecation/deprecation.py:146]: [DEPRECATED] CavaConfig: 'container_padding' - Use CSS padding instead.
2026-08-15 12:00:43,299 [WARNING] [MainThread] [deprecation/deprecation.py:150]: [DEPRECATED] VolumeConfig: 'volume_icons' renamed to 'icons' - Use 'icons' with the dictionary format instead.
2026-08-15 12:00:43,312 [INFO] [MainThread] [root/service.py:52]: AudioOutputService starting...
2026-08-15 12:00:43,434 [WARNING] [MainThread] [deprecation/deprecation.py:146]: [DEPRECATED] GroupLabelConfig: 'distance' - Use 'offset_top' instead.
2026-08-15 12:00:43,469 [WARNING] [MainThread] [deprecation/deprecation.py:146]: [DEPRECATED] GalleryConfig: 'lazy_load_delay' - No longer supported and can be removed from the config.
2026-08-15 12:00:43,469 [WARNING] [MainThread] [deprecation/deprecation.py:146]: [DEPRECATED] GalleryConfig: 'enable_cache' - No longer supported and can be removed from the config.
2026-08-15 12:00:43,609 [INFO] [MainThread] [root/bar_manager.py:103]: Starting KomorebiEventListener...
2026-08-15 12:00:43,610 [INFO] [MainThread] [root/bar_manager.py:103]: Starting SystemEventListener...
2026-08-15 12:00:43,611 [INFO] [MainThread] [root/watcher.py:65]: Watching directory: c:\users\lowie\.config\yasb
2026-08-15 12:00:43,611 [INFO] [MainThread] [root/watcher.py:104]: Created file watcher
2026-08-15 12:00:43,711 [INFO] [Dummy-7] [root/event_listener.py:54]: Created named pipe yasb-2dc9af42-9890-11f1-9a18-9c67d6e32e56
2026-08-15 12:00:43,852 [WARNING] [Dummy-7] [root/event_listener.py:136]: Komorebi failed to subscribe named pipe. 'komorebic.exe' is not recognized as an internal or external command, operable program or batch file.
2026-08-15 12:01:32,675 [WARNING] [MainThread] [deprecation/deprecation.py:146]: [DEPRECATED] BarAlignment: 'center' - Use 'align' instead.
2026-08-15 12:01:32,675 [WARNING] [MainThread] [deprecation/deprecation.py:146]: [DEPRECATED] BarBlurEffect: 'acrylic' - No longer supported and can be removed from the config.
2026-08-15 12:01:32,676 [INFO] [MainThread] [root/controller.py:21]: Reloading Application because of config change.
2026-08-15 12:01:32,791 [INFO] [MainThread] [cli_server/cli_server.py:114]: Log pipe server stopped
2026-08-15 12:01:32,812 [INFO] [MainThread] [root/bar_manager.py:93]: Successfully loaded updated config and re-initialised all bars.
2026-08-15 12:01:32,922 [INFO] [MainThread] [root/bar_manager.py:119]: Stopping KomorebiEventListener...
2026-08-15 12:01:32,935 [INFO] [MainThread] [root/bar_manager.py:119]: Stopping SystemEventListener...
2026-08-15 12:01:33,362 [INFO] [MainThread] [root/log.py:104]: YASB v2.0.6
2026-08-15 12:01:33,363 [INFO] [CLIPipeServer] [cli_server/cli_server.py:216]: CLI server started v1.1.7
2026-08-15 12:01:33,363 [INFO] [MainThread] [cli_server/cli_server.py:106]: Log pipe server started
2026-08-15 12:01:33,411 [WARNING] [MainThread] [deprecation/deprecation.py:146]: [DEPRECATED] BarAlignment: 'center' - Use 'align' instead.
2026-08-15 12:01:33,411 [WARNING] [MainThread] [deprecation/deprecation.py:146]: [DEPRECATED] BarBlurEffect: 'acrylic' - No longer supported and can be removed from the config.
2026-08-15 12:01:33,436 [WARNING] [MainThread] [deprecation/deprecation.py:146]: [DEPRECATED] HomeConfig: 'distance' - Use 'offset_top' instead.
2026-08-15 12:01:33,436 [WARNING] [MainThread] [deprecation/deprecation.py:146]: [DEPRECATED] HomeConfig: 'container_padding' - Use CSS padding instead.
2026-08-15 12:01:33,471 [WARNING] [MainThread] [deprecation/deprecation.py:146]: [DEPRECATED] KomorebiWorkspacesConfig: 'animation' - Use CSS animations instead.
2026-08-15 12:01:34,184 [WARNING] [MainThread] [deprecation/deprecation.py:146]: [DEPRECATED] CavaConfig: 'container_padding' - Use CSS padding instead.
2026-08-15 12:01:34,314 [WARNING] [MainThread] [deprecation/deprecation.py:150]: [DEPRECATED] VolumeConfig: 'volume_icons' renamed to 'icons' - Use 'icons' with the dictionary format instead.
2026-08-15 12:01:34,326 [INFO] [MainThread] [root/service.py:52]: AudioOutputService starting...
2026-08-15 12:01:34,429 [WARNING] [MainThread] [deprecation/deprecation.py:146]: [DEPRECATED] GroupLabelConfig: 'distance' - Use 'offset_top' instead.
2026-08-15 12:01:34,457 [WARNING] [MainThread] [deprecation/deprecation.py:146]: [DEPRECATED] GalleryConfig: 'lazy_load_delay' - No longer supported and can be removed from the config.
2026-08-15 12:01:34,457 [WARNING] [MainThread] [deprecation/deprecation.py:146]: [DEPRECATED] GalleryConfig: 'enable_cache' - No longer supported and can be removed from the config.
2026-08-15 12:01:34,579 [INFO] [MainThread] [root/bar_manager.py:103]: Starting KomorebiEventListener...
2026-08-15 12:01:34,579 [INFO] [MainThread] [root/bar_manager.py:103]: Starting SystemEventListener...
2026-08-15 12:01:34,580 [INFO] [MainThread] [root/watcher.py:65]: Watching directory: c:\users\lowie\.config\yasb
2026-08-15 12:01:34,581 [INFO] [MainThread] [root/watcher.py:104]: Created file watcher
2026-08-15 12:01:34,687 [INFO] [Dummy-7] [root/event_listener.py:54]: Created named pipe yasb-4c2b0397-9890-11f1-ba3b-9c67d6e32e56
2026-08-15 12:01:34,809 [WARNING] [Dummy-7] [root/event_listener.py:136]: Komorebi failed to subscribe named pipe. 'komorebic.exe' is not recognized as an internal or external command, operable program or batch file.
2026-08-15 12:01:43,820 [WARNING] [MainThread] [deprecation/deprecation.py:146]: [DEPRECATED] BarAlignment: 'center' - Use 'align' instead.
2026-08-15 12:01:43,820 [WARNING] [MainThread] [deprecation/deprecation.py:146]: [DEPRECATED] BarBlurEffect: 'acrylic' - No longer supported and can be removed from the config.
2026-08-15 12:01:43,821 [INFO] [MainThread] [root/controller.py:21]: Reloading Application because of config change.
2026-08-15 12:01:43,936 [INFO] [MainThread] [cli_server/cli_server.py:114]: Log pipe server stopped
2026-08-15 12:01:43,965 [INFO] [MainThread] [root/bar_manager.py:93]: Successfully loaded updated config and re-initialised all bars.
2026-08-15 12:01:44,120 [INFO] [MainThread] [root/bar_manager.py:119]: Stopping KomorebiEventListener...
2026-08-15 12:01:44,131 [INFO] [MainThread] [root/bar_manager.py:119]: Stopping SystemEventListener...
2026-08-15 12:01:44,559 [INFO] [MainThread] [root/log.py:104]: YASB v2.0.6
2026-08-15 12:01:44,559 [INFO] [CLIPipeServer] [cli_server/cli_server.py:216]: CLI server started v1.1.7
2026-08-15 12:01:44,560 [INFO] [MainThread] [cli_server/cli_server.py:106]: Log pipe server started
2026-08-15 12:01:44,608 [WARNING] [MainThread] [deprecation/deprecation.py:146]: [DEPRECATED] BarAlignment: 'center' - Use 'align' instead.
2026-08-15 12:01:44,608 [WARNING] [MainThread] [deprecation/deprecation.py:146]: [DEPRECATED] BarBlurEffect: 'acrylic' - No longer supported and can be removed from the config.
2026-08-15 12:01:44,633 [WARNING] [MainThread] [deprecation/deprecation.py:146]: [DEPRECATED] HomeConfig: 'distance' - Use 'offset_top' instead.
2026-08-15 12:01:44,633 [WARNING] [MainThread] [deprecation/deprecation.py:146]: [DEPRECATED] HomeConfig: 'container_padding' - Use CSS padding instead.
2026-08-15 12:01:44,669 [WARNING] [MainThread] [deprecation/deprecation.py:146]: [DEPRECATED] KomorebiWorkspacesConfig: 'animation' - Use CSS animations instead.
2026-08-15 12:01:45,469 [WARNING] [MainThread] [deprecation/deprecation.py:146]: [DEPRECATED] CavaConfig: 'container_padding' - Use CSS padding instead.
2026-08-15 12:01:45,599 [WARNING] [MainThread] [deprecation/deprecation.py:150]: [DEPRECATED] VolumeConfig: 'volume_icons' renamed to 'icons' - Use 'icons' with the dictionary format instead.
2026-08-15 12:01:45,611 [INFO] [MainThread] [root/service.py:52]: AudioOutputService starting...
2026-08-15 12:01:45,714 [WARNING] [MainThread] [deprecation/deprecation.py:146]: [DEPRECATED] GroupLabelConfig: 'distance' - Use 'offset_top' instead.
2026-08-15 12:01:45,741 [WARNING] [MainThread] [deprecation/deprecation.py:146]: [DEPRECATED] GalleryConfig: 'lazy_load_delay' - No longer supported and can be removed from the config.
2026-08-15 12:01:45,741 [WARNING] [MainThread] [deprecation/deprecation.py:146]: [DEPRECATED] GalleryConfig: 'enable_cache' - No longer supported and can be removed from the config.
2026-08-15 12:01:45,864 [INFO] [MainThread] [root/bar_manager.py:103]: Starting SystemEventListener...
2026-08-15 12:01:45,865 [INFO] [MainThread] [root/bar_manager.py:103]: Starting KomorebiEventListener...
2026-08-15 12:01:45,866 [INFO] [MainThread] [root/watcher.py:65]: Watching directory: c:\users\lowie\.config\yasb
2026-08-15 12:01:45,866 [INFO] [MainThread] [root/watcher.py:104]: Created file watcher
2026-08-15 12:01:45,967 [INFO] [Dummy-7] [root/event_listener.py:54]: Created named pipe yasb-52e512bc-9890-11f1-83fb-9c67d6e32e56
2026-08-15 12:01:46,090 [WARNING] [Dummy-7] [root/event_listener.py:136]: Komorebi failed to subscribe named pipe. 'komorebic.exe' is not recognized as an internal or external command, operable program or batch file.
2026-08-15 12:02:07,177 [WARNING] [MainThread] [deprecation/deprecation.py:146]: [DEPRECATED] BarAlignment: 'center' - Use 'align' instead.
2026-08-15 12:02:07,177 [WARNING] [MainThread] [deprecation/deprecation.py:146]: [DEPRECATED] BarBlurEffect: 'acrylic' - No longer supported and can be removed from the config.
2026-08-15 12:02:07,177 [INFO] [MainThread] [root/controller.py:21]: Reloading Application because of config change.
2026-08-15 12:02:07,278 [INFO] [MainThread] [cli_server/cli_server.py:114]: Log pipe server stopped
2026-08-15 12:02:07,307 [INFO] [MainThread] [root/bar_manager.py:93]: Successfully loaded updated config and re-initialised all bars.
2026-08-15 12:02:07,425 [INFO] [MainThread] [root/bar_manager.py:119]: Stopping SystemEventListener...
2026-08-15 12:02:07,453 [INFO] [MainThread] [root/bar_manager.py:119]: Stopping KomorebiEventListener...
2026-08-15 12:02:07,862 [INFO] [MainThread] [root/log.py:104]: YASB v2.0.6
2026-08-15 12:02:07,862 [INFO] [CLIPipeServer] [cli_server/cli_server.py:216]: CLI server started v1.1.7
2026-08-15 12:02:07,863 [INFO] [MainThread] [cli_server/cli_server.py:106]: Log pipe server started
2026-08-15 12:02:07,912 [WARNING] [MainThread] [deprecation/deprecation.py:146]: [DEPRECATED] BarAlignment: 'center' - Use 'align' instead.
2026-08-15 12:02:07,912 [WARNING] [MainThread] [deprecation/deprecation.py:146]: [DEPRECATED] BarBlurEffect: 'acrylic' - No longer supported and can be removed from the config.
2026-08-15 12:02:07,938 [WARNING] [MainThread] [deprecation/deprecation.py:146]: [DEPRECATED] HomeConfig: 'distance' - Use 'offset_top' instead.
2026-08-15 12:02:07,938 [WARNING] [MainThread] [deprecation/deprecation.py:146]: [DEPRECATED] HomeConfig: 'container_padding' - Use CSS padding instead.
2026-08-15 12:02:07,975 [WARNING] [MainThread] [deprecation/deprecation.py:146]: [DEPRECATED] KomorebiWorkspacesConfig: 'animation' - Use CSS animations instead.
2026-08-15 12:02:08,648 [WARNING] [MainThread] [deprecation/deprecation.py:146]: [DEPRECATED] CavaConfig: 'container_padding' - Use CSS padding instead.
2026-08-15 12:02:08,809 [WARNING] [MainThread] [deprecation/deprecation.py:150]: [DEPRECATED] VolumeConfig: 'volume_icons' renamed to 'icons' - Use 'icons' with the dictionary format instead.
2026-08-15 12:02:08,821 [INFO] [MainThread] [root/service.py:52]: AudioOutputService starting...
2026-08-15 12:02:08,923 [WARNING] [MainThread] [deprecation/deprecation.py:146]: [DEPRECATED] GroupLabelConfig: 'distance' - Use 'offset_top' instead.
2026-08-15 12:02:08,951 [WARNING] [MainThread] [deprecation/deprecation.py:146]: [DEPRECATED] GalleryConfig: 'lazy_load_delay' - No longer supported and can be removed from the config.
2026-08-15 12:02:08,951 [WARNING] [MainThread] [deprecation/deprecation.py:146]: [DEPRECATED] GalleryConfig: 'enable_cache' - No longer supported and can be removed from the config.
2026-08-15 12:02:09,063 [INFO] [MainThread] [root/bar_manager.py:103]: Starting SystemEventListener...
2026-08-15 12:02:09,063 [INFO] [MainThread] [root/bar_manager.py:103]: Starting KomorebiEventListener...
2026-08-15 12:02:09,063 [ERROR] [MainThread] [root/widget_builder.py:114]: Failed to validate widget(s) due to invalid options  - wallpapers
      gallery:
        show_buttons:
        - Input should be a valid boolean
      
2026-08-15 12:02:09,096 [INFO] [Dummy-5] [root/event_listener.py:54]: Created named pipe yasb-60b8e37e-9890-11f1-b25a-9c67d6e32e56
2026-08-15 12:02:09,107 [INFO] [MainThread] [root/watcher.py:65]: Watching directory: c:\users\lowie\.config\yasb
2026-08-15 12:02:09,107 [INFO] [MainThread] [root/watcher.py:104]: Created file watcher
2026-08-15 12:02:09,267 [WARNING] [Dummy-5] [root/event_listener.py:136]: Komorebi failed to subscribe named pipe. 'komorebic.exe' is not recognized as an internal or external command, operable program or batch file.
2026-08-15 12:02:10,206 [WARNING] [MainThread] [deprecation/deprecation.py:146]: [DEPRECATED] BarAlignment: 'center' - Use 'align' instead.
2026-08-15 12:02:10,207 [WARNING] [MainThread] [deprecation/deprecation.py:146]: [DEPRECATED] BarBlurEffect: 'acrylic' - No longer supported and can be removed from the config.
2026-08-15 12:02:10,207 [INFO] [MainThread] [root/controller.py:21]: Reloading Application because of config change.
2026-08-15 12:02:10,314 [INFO] [MainThread] [cli_server/cli_server.py:114]: Log pipe server stopped
2026-08-15 12:02:10,323 [INFO] [MainThread] [root/bar_manager.py:93]: Successfully loaded updated config and re-initialised all bars.
2026-08-15 12:02:10,481 [INFO] [MainThread] [root/bar_manager.py:119]: Stopping SystemEventListener...
2026-08-15 12:02:10,496 [INFO] [MainThread] [root/bar_manager.py:119]: Stopping KomorebiEventListener...
2026-08-15 12:02:10,886 [INFO] [MainThread] [root/log.py:104]: YASB v2.0.6
2026-08-15 12:02:10,887 [INFO] [CLIPipeServer] [cli_server/cli_server.py:216]: CLI server started v1.1.7
2026-08-15 12:02:10,887 [INFO] [MainThread] [cli_server/cli_server.py:106]: Log pipe server started
2026-08-15 12:02:10,936 [WARNING] [MainThread] [deprecation/deprecation.py:146]: [DEPRECATED] BarAlignment: 'center' - Use 'align' instead.
2026-08-15 12:02:10,936 [WARNING] [MainThread] [deprecation/deprecation.py:146]: [DEPRECATED] BarBlurEffect: 'acrylic' - No longer supported and can be removed from the config.
2026-08-15 12:02:10,961 [WARNING] [MainThread] [deprecation/deprecation.py:146]: [DEPRECATED] HomeConfig: 'distance' - Use 'offset_top' instead.
2026-08-15 12:02:10,962 [WARNING] [MainThread] [deprecation/deprecation.py:146]: [DEPRECATED] HomeConfig: 'container_padding' - Use CSS padding instead.
2026-08-15 12:02:10,999 [WARNING] [MainThread] [deprecation/deprecation.py:146]: [DEPRECATED] KomorebiWorkspacesConfig: 'animation' - Use CSS animations instead.
2026-08-15 12:02:11,618 [WARNING] [MainThread] [deprecation/deprecation.py:146]: [DEPRECATED] CavaConfig: 'container_padding' - Use CSS padding instead.
2026-08-15 12:02:11,757 [WARNING] [MainThread] [deprecation/deprecation.py:150]: [DEPRECATED] VolumeConfig: 'volume_icons' renamed to 'icons' - Use 'icons' with the dictionary format instead.
2026-08-15 12:02:11,768 [INFO] [MainThread] [root/service.py:52]: AudioOutputService starting...
2026-08-15 12:02:11,875 [WARNING] [MainThread] [deprecation/deprecation.py:146]: [DEPRECATED] GroupLabelConfig: 'distance' - Use 'offset_top' instead.
2026-08-15 12:02:11,903 [WARNING] [MainThread] [deprecation/deprecation.py:146]: [DEPRECATED] GalleryConfig: 'lazy_load_delay' - No longer supported and can be removed from the config.
2026-08-15 12:02:11,904 [WARNING] [MainThread] [deprecation/deprecation.py:146]: [DEPRECATED] GalleryConfig: 'enable_cache' - No longer supported and can be removed from the config.
2026-08-15 12:02:12,013 [INFO] [MainThread] [root/bar_manager.py:103]: Starting KomorebiEventListener...
2026-08-15 12:02:12,013 [INFO] [MainThread] [root/bar_manager.py:103]: Starting SystemEventListener...
2026-08-15 12:02:12,013 [ERROR] [MainThread] [root/widget_builder.py:114]: Failed to validate widget(s) due to invalid options  - wallpapers
      gallery:
        show_buttons:
        - Input should be a valid boolean, unable to interpret input
      
2026-08-15 12:02:12,039 [INFO] [Dummy-5] [root/event_listener.py:54]: Created named pipe yasb-627afb3f-9890-11f1-bd3e-9c67d6e32e56
2026-08-15 12:02:12,049 [INFO] [MainThread] [root/watcher.py:65]: Watching directory: c:\users\lowie\.config\yasb
2026-08-15 12:02:12,049 [INFO] [MainThread] [root/watcher.py:104]: Created file watcher
2026-08-15 12:02:12,189 [WARNING] [Dummy-5] [root/event_listener.py:136]: Komorebi failed to subscribe named pipe. 'komorebic.exe' is not recognized as an internal or external command, operable program or batch file.
2026-08-15 12:02:12,929 [WARNING] [MainThread] [deprecation/deprecation.py:146]: [DEPRECATED] BarAlignment: 'center' - Use 'align' instead.
2026-08-15 12:02:12,929 [WARNING] [MainThread] [deprecation/deprecation.py:146]: [DEPRECATED] BarBlurEffect: 'acrylic' - No longer supported and can be removed from the config.
2026-08-15 12:02:12,930 [INFO] [MainThread] [root/controller.py:21]: Reloading Application because of config change.
2026-08-15 12:02:13,043 [INFO] [MainThread] [cli_server/cli_server.py:114]: Log pipe server stopped
2026-08-15 12:02:13,061 [INFO] [MainThread] [root/bar_manager.py:93]: Successfully loaded updated config and re-initialised all bars.
2026-08-15 12:02:13,246 [INFO] [MainThread] [root/bar_manager.py:119]: Stopping KomorebiEventListener...
2026-08-15 12:02:13,253 [INFO] [MainThread] [root/bar_manager.py:119]: Stopping SystemEventListener...
2026-08-15 12:02:13,640 [INFO] [MainThread] [root/log.py:104]: YASB v2.0.6
2026-08-15 12:02:13,640 [INFO] [CLIPipeServer] [cli_server/cli_server.py:216]: CLI server started v1.1.7
2026-08-15 12:02:13,641 [INFO] [MainThread] [cli_server/cli_server.py:106]: Log pipe server started
2026-08-15 12:02:13,692 [WARNING] [MainThread] [deprecation/deprecation.py:146]: [DEPRECATED] BarAlignment: 'center' - Use 'align' instead.
2026-08-15 12:02:13,692 [WARNING] [MainThread] [deprecation/deprecation.py:146]: [DEPRECATED] BarBlurEffect: 'acrylic' - No longer supported and can be removed from the config.
2026-08-15 12:02:13,716 [WARNING] [MainThread] [deprecation/deprecation.py:146]: [DEPRECATED] HomeConfig: 'distance' - Use 'offset_top' instead.
2026-08-15 12:02:13,716 [WARNING] [MainThread] [deprecation/deprecation.py:146]: [DEPRECATED] HomeConfig: 'container_padding' - Use CSS padding instead.
2026-08-15 12:02:13,752 [WARNING] [MainThread] [deprecation/deprecation.py:146]: [DEPRECATED] KomorebiWorkspacesConfig: 'animation' - Use CSS animations instead.
2026-08-15 12:02:14,343 [WARNING] [MainThread] [deprecation/deprecation.py:146]: [DEPRECATED] CavaConfig: 'container_padding' - Use CSS padding instead.
2026-08-15 12:02:14,477 [WARNING] [MainThread] [deprecation/deprecation.py:150]: [DEPRECATED] VolumeConfig: 'volume_icons' renamed to 'icons' - Use 'icons' with the dictionary format instead.
2026-08-15 12:02:14,489 [INFO] [MainThread] [root/service.py:52]: AudioOutputService starting...
2026-08-15 12:02:14,596 [WARNING] [MainThread] [deprecation/deprecation.py:146]: [DEPRECATED] GroupLabelConfig: 'distance' - Use 'offset_top' instead.
2026-08-15 12:02:14,624 [WARNING] [MainThread] [deprecation/deprecation.py:146]: [DEPRECATED] GalleryConfig: 'lazy_load_delay' - No longer supported and can be removed from the config.
2026-08-15 12:02:14,625 [WARNING] [MainThread] [deprecation/deprecation.py:146]: [DEPRECATED] GalleryConfig: 'enable_cache' - No longer supported and can be removed from the config.
2026-08-15 12:02:14,747 [INFO] [MainThread] [root/bar_manager.py:103]: Starting KomorebiEventListener...
2026-08-15 12:02:14,748 [INFO] [MainThread] [root/bar_manager.py:103]: Starting SystemEventListener...
2026-08-15 12:02:14,749 [INFO] [MainThread] [root/watcher.py:65]: Watching directory: c:\users\lowie\.config\yasb
2026-08-15 12:02:14,749 [INFO] [MainThread] [root/watcher.py:104]: Created file watcher
2026-08-15 12:02:14,847 [INFO] [Dummy-7] [root/event_listener.py:54]: Created named pipe yasb-641c48f1-9890-11f1-8c39-9c67d6e32e56
2026-08-15 12:02:14,979 [WARNING] [Dummy-7] [root/event_listener.py:136]: Komorebi failed to subscribe named pipe. 'komorebic.exe' is not recognized as an internal or external command, operable program or batch file.
2026-08-15 12:10:21,586 [INFO] [MainThread] [root/controller.py:21]: Reloading Bar from context menu...
2026-08-15 12:10:21,699 [INFO] [MainThread] [cli_server/cli_server.py:114]: Log pipe server stopped
2026-08-15 12:10:21,869 [INFO] [MainThread] [root/bar_manager.py:119]: Stopping KomorebiEventListener...
2026-08-15 12:10:21,876 [INFO] [MainThread] [root/bar_manager.py:119]: Stopping SystemEventListener...
2026-08-15 12:10:22,247 [INFO] [MainThread] [root/log.py:104]: YASB v2.0.6
2026-08-15 12:10:22,247 [INFO] [CLIPipeServer] [cli_server/cli_server.py:216]: CLI server started v1.1.7
2026-08-15 12:10:22,248 [INFO] [MainThread] [cli_server/cli_server.py:106]: Log pipe server started
2026-08-15 12:10:22,298 [WARNING] [MainThread] [deprecation/deprecation.py:146]: [DEPRECATED] BarAlignment: 'center' - Use 'align' instead.
2026-08-15 12:10:22,298 [WARNING] [MainThread] [deprecation/deprecation.py:146]: [DEPRECATED] BarBlurEffect: 'acrylic' - No longer supported and can be removed from the config.
2026-08-15 12:10:22,322 [WARNING] [MainThread] [deprecation/deprecation.py:146]: [DEPRECATED] HomeConfig: 'distance' - Use 'offset_top' instead.
2026-08-15 12:10:22,323 [WARNING] [MainThread] [deprecation/deprecation.py:146]: [DEPRECATED] HomeConfig: 'container_padding' - Use CSS padding instead.
2026-08-15 12:10:22,360 [WARNING] [MainThread] [deprecation/deprecation.py:146]: [DEPRECATED] KomorebiWorkspacesConfig: 'animation' - Use CSS animations instead.
2026-08-15 12:10:23,020 [WARNING] [MainThread] [deprecation/deprecation.py:146]: [DEPRECATED] CavaConfig: 'container_padding' - Use CSS padding instead.
2026-08-15 12:10:23,153 [WARNING] [MainThread] [deprecation/deprecation.py:150]: [DEPRECATED] VolumeConfig: 'volume_icons' renamed to 'icons' - Use 'icons' with the dictionary format instead.
2026-08-15 12:10:23,165 [INFO] [MainThread] [root/service.py:52]: AudioOutputService starting...
2026-08-15 12:10:23,268 [WARNING] [MainThread] [deprecation/deprecation.py:146]: [DEPRECATED] GroupLabelConfig: 'distance' - Use 'offset_top' instead.
2026-08-15 12:10:23,297 [WARNING] [MainThread] [deprecation/deprecation.py:146]: [DEPRECATED] GalleryConfig: 'lazy_load_delay' - No longer supported and can be removed from the config.
2026-08-15 12:10:23,297 [WARNING] [MainThread] [deprecation/deprecation.py:146]: [DEPRECATED] GalleryConfig: 'enable_cache' - No longer supported and can be removed from the config.
2026-08-15 12:10:23,419 [INFO] [MainThread] [root/bar_manager.py:103]: Starting KomorebiEventListener...
2026-08-15 12:10:23,419 [INFO] [MainThread] [root/bar_manager.py:103]: Starting SystemEventListener...
2026-08-15 12:10:23,420 [INFO] [MainThread] [root/watcher.py:65]: Watching directory: c:\users\lowie\.config\yasb
2026-08-15 12:10:23,421 [INFO] [MainThread] [root/watcher.py:104]: Created file watcher
2026-08-15 12:10:23,525 [INFO] [Dummy-7] [root/event_listener.py:54]: Created named pipe yasb-8761a058-9891-11f1-9eb3-9c67d6e32e56
2026-08-15 12:10:23,639 [WARNING] [Dummy-7] [root/event_listener.py:136]: Komorebi failed to subscribe named pipe. 'komorebic.exe' is not recognized as an internal or external command, operable program or batch file.
